parcela_id,fecha,mes,region,tipo_cultivo,tamano_parcela,humedad_suelo,temperatura_C,temperatura_F,humedad_relativa,luminosidad,ph_suelo,riego_recomendado
P040,2025-06-09,2025-06,Este,vid,mediana,28.16,25.92,78.54,48.19,23168.1,6.5,medio
P029,2025-06-26,2025-06,Centro,maiz,grande,68.52,16.76,62.17,58.84,17529.5,6.5,bajo
P004,2025-06-12,2025-06,Centro,olivo,mediana,70.0,26.79,80.3,48.08,21869.0,6.5,bajo
P015,2025-06-20,2025-06,Centro,trigo,mediana,59.72,14.95,58.82,68.29,17132.4,6.5,bajo
P002,2025-06-29,2025-06,Sur,trigo,pequeña,,20.69,69.23,54.08,19730.3,6.5,bajo
P038,2025-06-11,2025-06,Sur,maiz,pequeña,27.72,26.91,80.48,54.17,21480.4,6.5,medio
P011,2025-06-24,2025-06,Este,olivo,grande,58.54,15.3,59.51,64.03,15794.8,6.5,bajo
P033,2025-06-15,2025-06,Sur,trigo,grande,69.02,23.89,75.02,47.66,20792.1,6.5,bajo
P014,2025-06-22,2025-06,Este,vid,pequeña,19.75,13.16,55.8,67.51,15040.6,6.5,alto
P029,2025-06-16,2025-06,Centro,maiz,grande,64.89,21.77,71.18,54.4,15203.3,6.5,bajo
P028,2025-06-11,2025-06,Centro,olivo,pequeña,37.3,26.34,79.56,55.48,,6.5,medio
P002,2025-06-15,2025-06,Sur,trigo,pequeña,37.42,22.52,72.42,49.3,18640.2,6.5,medio
P002,2025-06-20,2025-06,Sur,trigo,pequeña,34.4,18.84,65.91,52.77,15443.5,6.5,medio
P029,2025-06-10,2025-06,Centro,maiz,grande,58.78,27.85,82.2,49.35,22107.4,6.5,bajo
P009,2025-06-01,2025-06,Este,trigo,pequeña,54.71,21.32,70.42,56.2,21152.0,6.5,bajo
P006,2025-06-21,2025-06,Norte,vid,grande,22.64,17.15,62.91,58.69,15972.5,6.5,medio
P018,2025-06-14,2025-06,Sur,maiz,pequeña,40.3,25.71,78.13,54.97,21453.6,6.5,bajo
P026,2025-06-16,2025-06,Centro,maiz,mediana,57.57,21.51,70.84,57.27,17487.3,6.5,bajo
P028,2025-06-29,2025-06,Centro,olivo,pequeña,64.99,22.92,73.16,52.12,21718.0,6.5,bajo
P015,2025-06-04,2025-06,Centro,trigo,mediana,54.76,24.73,76.55,56.99,23430.6,6.5,bajo
P013,2025-06-21,2025-06,Este,olivo,grande,37.39,16.75,62.08,63.98,16217.8,6.5,medio
P021,2025-06-10,2025-06,Sur,maiz,mediana,68.18,,84.54,53.17,22665.5,6.5,bajo
P023,2025-06-17,2025-06,Este,maiz,mediana,70.0,19.92,67.97,63.63,16564.4,6.5,bajo
P012,2025-06-15,2025-06,Norte,olivo,mediana,70.0,24.37,75.96,60.74,19679.0,6.5,bajo
P004,2025-06-20,2025-06,Centro,olivo,mediana,68.31,19.13,,67.14,16452.7,6.5,bajo
P010,2025-06-08,2025-06,Norte,vid,grande,29.84,27.74,81.97,49.96,23474.4,6.5,medio
P023,2025-06-18,2025-06,Este,maiz,mediana,70.0,21.32,70.49,54.06,15859.9,6.5,bajo
P020,2025-06-01,2025-06,Norte,vid,pequeña,21.47,22.05,71.79,53.08,20458.6,6.5,alto
P012,2025-06-29,2025-06,Norte,olivo,mediana,70.0,19.61,67.48,57.66,22270.2,6.5,bajo
P020,2025-06-29,2025-06,Norte,vid,pequeña,43.83,19.53,67.12,55.16,20346.3,6.5,bajo
P014,2025-06-01,2025-06,Este,vid,pequeña,29.89,24.23,75.61,,23202.9,6.5,medio
P030,2025-06-24,2025-06,Norte,maiz,grande,60.7,16.56,61.87,67.92,14007.5,6.5,bajo
P024,2025-06-03,2025-06,Este,maiz,mediana,55.06,25.57,78.07,56.24,21738.6,6.5,bajo
P025,2025-06-08,2025-06,Este,maiz,mediana,50.21,28.14,82.61,50.76,22982.8,6.5,bajo
P013,2025-06-03,2025-06,Este,olivo,grande,36.83,23.56,74.28,64.67,23723.2,6.5,medio
P020,2025-06-27,2025-06,Norte,vid,pequeña,44.98,14.11,57.49,69.99,18051.7,6.5,bajo
P015,2025-06-08,2025-06,Centro,trigo,mediana,49.87,28.32,82.86,50.33,23713.7,6.5,bajo
P003,2025-06-11,2025-06,Este,olivo,pequeña,16.0,27.87,82.32,51.2,22056.2,6.5,alto
P011,2025-06-22,2025-06,Este,olivo,grande,58.4,16.24,61.26,60.36,14309.9,6.5,bajo
P022,2025-06-23,2025-06,Centro,maiz,pequeña,68.63,15.13,59.21,58.27,15655.3,6.5,bajo
P036,2025-06-16,2025-06,Este,vid,grande,33.53,24.35,76.02,54.03,,6.5,medio
P004,2025-06-18,2025-06,Centro,olivo,mediana,67.31,18.84,65.95,58.68,16671.6,6.5,bajo
P037,2025-06-29,2025-06,Oeste,vid,pequeña,36.46,21.7,70.89,61.82,21775.1,6.5,medio
P012,2025-06-26,2025-06,Norte,olivo,mediana,70.0,16.31,,65.67,,6.5,bajo
P032,2025-06-21,2025-06,Oeste,trigo,pequeña,44.29,15.09,59.06,49.96,16693.6,6.5,bajo
P012,2025-06-13,2025-06,Norte,olivo,mediana,-2.24,24.72,76.68,56.08,19500.6,6.5,bajo
P012,2025-06-25,2025-06,Norte,olivo,mediana,70.0,18.67,65.73,54.6,18045.8,6.5,bajo
P001,2025-06-24,2025-06,Norte,vid,pequeña,67.29,14.1,57.41,64.16,17047.8,6.5,bajo
P002,2025-06-14,2025-06,Sur,trigo,pequeña,39.18,21.3,70.33,63.26,18840.8,6.5,medio
P009,2025-06-04,2025-06,Este,trigo,pequeña,53.32,26.02,78.94,55.09,,6.5,bajo
P025,2025-06-18,2025-06,Este,maiz,mediana,53.22,16.59,61.88,65.58,17318.6,6.5,bajo
P038,2025-06-26,2025-06,Sur,maiz,pequeña,36.39,16.77,62.2,56.79,17501.2,6.5,medio
P013,2025-06-08,2025-06,Este,olivo,grande,27.14,28.91,84.08,55.58,23962.8,6.5,medio
P006,2025-06-14,2025-06,Norte,vid,grande,21.55,24.06,75.33,56.63,19268.4,6.5,medio
P038,2025-06-06,2025-06,Sur,maiz,pequeña,34.06,27.09,80.62,49.91,,6.5,medio
P012,2025-06-03,2025-06,Norte,olivo,mediana,67.03,23.53,74.51,58.09,21575.6,6.5,bajo
P033,2025-06-29,2025-06,Sur,trigo,grande,70.0,21.48,70.88,58.44,19314.5,6.5,bajo
P040,2025-06-03,2025-06,Este,vid,mediana,32.3,23.48,74.24,54.76,22727.3,6.5,medio
P034,2025-06-12,2025-06,Centro,trigo,mediana,56.63,24.37,75.9,56.53,22708.0,6.5,bajo
P013,2025-06-18,2025-06,Este,olivo,grande,39.94,20.56,68.95,59.24,18826.1,6.5,medio
P011,2025-06-10,2025-06,Este,olivo,grande,29.92,28.18,82.69,50.97,19810.4,6.5,medio
P006,2025-06-06,2025-06,Norte,vid,grande,30.35,27.71,81.63,54.77,25041.8,6.5,medio
P008,2025-06-01,2025-06,Sur,trigo,mediana,32.02,22.75,73.0,54.51,20258.3,6.5,alto
P003,2025-06-27,2025-06,Este,olivo,pequeña,10.17,16.29,61.4,54.36,20330.3,6.5,alto
P006,2025-06-19,2025-06,Norte,vid,grande,21.13,17.22,63.0,55.52,18096.9,6.5,medio
P034,2025-06-05,2025-06,Centro,trigo,mediana,32.78,26.15,78.97,47.32,25380.2,6.5,medio
P002,2025-06-22,2025-06,Sur,trigo,pequeña,35.33,15.98,60.78,58.55,15288.0,6.5,medio
P015,2025-06-19,2025-06,Centro,trigo,mediana,51.69,15.82,60.48,62.89,15822.7,6.5,bajo
P019,2025-06-10,2025-06,Este,vid,mediana,20.42,25.4,77.72,51.19,,6.5,medio
P017,2025-06-11,2025-06,Sur,maiz,mediana,50.67,26.49,79.81,52.66,19445.4,6.5,bajo
P015,2025-06-06,2025-06,Centro,trigo,mediana,51.13,28.53,83.32,40.4,21627.7,6.5,bajo
P005,2025-06-16,2025-06,Sur,olivo,pequeña,6.24,21.21,70.02,46.37,19109.9,6.5,alto
P040,2025-06-22,2025-06,Este,vid,mediana,59.83,18.92,66.0,57.37,17028.5,6.5,bajo
P002,2025-06-25,2025-06,Sur,trigo,pequeña,,14.9,58.79,60.78,18865.2,6.5,medio
P003,2025-06-19,2025-06,Este,olivo,pequeña,8.47,21.38,70.35,59.63,16886.7,6.5,alto
P015,2025-06-11,2025-06,Centro,trigo,mediana,45.9,27.21,81.11,54.98,,6.5,bajo
P007,2025-06-05,2025-06,Centro,olivo,mediana,25.96,27.11,80.78,54.17,26322.0,6.5,medio
P002,2025-06-27,2025-06,Sur,trigo,pequeña,48.54,20.05,68.03,47.58,19308.2,6.5,bajo
P032,2025-06-13,2025-06,Oeste,trigo,pequeña,32.11,25.2,77.4,50.63,17840.9,6.5,medio
P029,2025-06-11,2025-06,Centro,maiz,grande,56.92,25.85,78.44,55.22,,6.5,bajo
P039,2025-06-24,2025-06,Oeste,maiz,pequeña,64.29,18.34,65.06,57.43,14512.7,6.4,bajo
P008,2025-06-09,2025-06,Sur,trigo,mediana,30.06,27.69,81.94,48.25,22864.5,6.5,medio
P029,2025-06-05,2025-06,Centro,maiz,grande,51.13,25.6,77.94,46.88,27185.6,6.5,bajo
P004,2025-06-24,2025-06,Centro,olivo,mediana,64.63,14.31,57.71,65.66,17242.6,6.5,bajo
P019,2025-06-09,2025-06,Este,vid,mediana,20.9,26.44,79.62,49.7,24713.9,6.5,medio
P034,2025-06-29,2025-06,Centro,trigo,mediana,66.99,20.03,68.11,54.59,19596.5,6.5,bajo
P036,2025-06-23,2025-06,Este,vid,grande,30.77,17.26,63.07,63.51,,6.5,medio
P006,2025-06-25,2025-06,Norte,vid,grande,47.8,14.53,58.18,62.84,15542.4,6.5,bajo
P035,2025-06-03,2025-06,Norte,olivo,pequeña,49.63,24.86,76.68,53.81,23549.9,6.5,bajo
P021,2025-06-16,2025-06,Sur,maiz,mediana,60.34,22.06,71.66,46.23,20132.3,6.5,bajo
P018,2025-06-04,2025-06,Sur,maiz,pequeña,39.73,24.88,76.78,55.66,23825.3,6.5,medio
P016,2025-06-12,2025-06,Oeste,maiz,pequeña,27.13,24.54,76.15,46.5,18691.4,6.5,medio
P010,2025-06-17,2025-06,Norte,vid,grande,14.22,19.11,66.47,55.08,18847.5,6.5,alto
P013,2025-06-22,2025-06,Este,olivo,grande,38.27,15.84,60.36,55.46,18490.7,6.5,medio
P034,2025-06-18,2025-06,Centro,trigo,mediana,57.57,21.41,70.49,59.57,16357.2,6.5,bajo
P023,2025-06-11,2025-06,Este,maiz,mediana,117.61,26.22,79.21,57.9,21555.1,6.5,bajo
P018,2025-06-25,2025-06,Sur,maiz,pequeña,57.22,17.04,62.47,63.4,14919.4,6.5,bajo
P031,2025-06-10,2025-06,Sur,olivo,mediana,54.14,28.31,83.02,44.43,22913.5,6.5,bajo
P010,2025-06-23,2025-06,Norte,vid,grande,13.31,14.92,58.77,53.88,18013.4,6.5,medio
P005,2025-06-04,2025-06,Sur,olivo,pequeña,26.07,24.15,75.4,45.56,22402.9,6.5,medio
P020,2025-06-13,2025-06,Norte,vid,pequeña,31.16,26.35,79.28,52.75,,6.5,medio
P005,2025-06-21,2025-06,Sur,olivo,pequeña,18.07,16.61,62.08,50.94,13206.7,6.5,alto
P025,2025-06-16,2025-06,Este,maiz,mediana,57.18,25.19,77.27,55.8,16496.9,6.5,bajo
P003,2025-06-22,2025-06,Este,olivo,pequeña,7.34,16.35,61.4,59.03,16994.2,6.5,alto
P030,2025-06-12,2025-06,Norte,maiz,grande,55.32,27.67,81.75,58.63,22251.4,6.5,bajo
P025,2025-06-20,2025-06,Este,maiz,mediana,53.9,18.22,64.76,52.1,14193.3,6.5,bajo
P037,2025-06-22,2025-06,Oeste,vid,pequeña,37.69,15.51,59.93,56.99,,6.5,medio
P031,2025-06-09,2025-06,Sur,olivo,mediana,55.82,27.92,82.28,49.25,25074.7,6.5,bajo
P039,2025-06-27,2025-06,Oeste,maiz,pequeña,,16.72,62.1,61.44,18294.6,6.4,bajo
P032,2025-06-07,2025-06,Oeste,trigo,pequeña,45.72,30.32,86.63,49.8,24098.3,6.5,bajo
P013,2025-06-12,2025-06,Este,olivo,grande,31.64,29.14,84.5,54.3,22537.9,6.5,medio
P030,2025-06-20,2025-06,Norte,maiz,grande,60.98,21.1,69.98,57.23,17236.3,6.5,bajo
P006,2025-06-07,2025-06,Norte,vid,grande,,28.32,83.21,56.84,,6.5,medio
P034,2025-06-02,2025-06,Centro,trigo,mediana,36.18,24.29,75.59,53.13,22815.3,6.5,medio
P021,2025-06-22,2025-06,Sur,maiz,mediana,70.0,15.81,60.53,59.39,,6.5,bajo
P035,2025-06-18,2025-06,Norte,olivo,pequeña,70.0,18.74,65.75,57.2,,6.5,bajo
P009,2025-06-05,2025-06,Este,trigo,pequeña,51.72,29.46,84.87,47.05,21336.5,6.5,bajo
P006,2025-06-09,2025-06,Norte,vid,grande,24.62,26.89,80.45,46.83,23721.1,6.5,medio
P025,2025-06-26,2025-06,Este,maiz,mediana,52.54,18.36,64.98,60.48,16050.1,6.5,bajo
P007,2025-06-13,2025-06,Centro,olivo,mediana,29.23,26.56,79.82,43.67,17009.3,6.5,medio
P018,2025-06-24,2025-06,Sur,maiz,pequeña,59.47,18.16,64.75,65.72,16843.1,6.5,bajo
P031,2025-06-04,2025-06,Sur,olivo,mediana,34.61,24.47,76.09,51.49,21818.5,6.5,medio
P034,2025-06-14,2025-06,Centro,trigo,mediana,54.3,23.66,74.51,54.61,21512.4,6.5,bajo
P036,2025-06-20,2025-06,Este,vid,grande,35.12,13.84,56.94,66.43,15539.1,6.5,medio
P014,2025-06-24,2025-06,Este,vid,pequeña,40.45,15.99,60.75,51.32,17254.3,6.5,bajo
P040,2025-06-17,2025-06,Este,vid,mediana,45.74,20.14,68.2,69.57,16324.8,6.5,bajo
P011,2025-06-28,2025-06,Este,olivo,grande,64.25,20.39,68.71,65.2,19386.9,6.5,bajo
P005,2025-06-09,2025-06,Sur,olivo,pequeña,16.14,30.15,86.48,44.32,22783.7,6.5,alto
P024,2025-06-05,2025-06,Este,maiz,mediana,52.07,28.29,83.04,50.63,25545.1,6.5,bajo
P022,2025-06-01,2025-06,Centro,maiz,pequeña,41.83,21.36,70.42,61.33,23137.8,6.5,bajo
P010,2025-06-05,2025-06,Norte,vid,grande,26.13,27.09,80.69,44.43,23518.8,6.5,medio
P039,2025-06-08,2025-06,Oeste,maiz,pequeña,38.99,30.45,86.91,52.27,24496.6,6.5,medio
P011,2025-06-09,2025-06,Este,olivo,grande,29.78,27.48,81.3,49.5,24268.2,6.5,medio
P008,2025-06-24,2025-06,Sur,trigo,mediana,57.75,17.09,62.9,61.15,16588.4,6.5,bajo
P035,2025-06-28,2025-06,Norte,olivo,pequeña,70.0,19.2,66.71,56.45,,6.5,bajo
P021,2025-06-23,2025-06,Sur,maiz,mediana,70.0,15.88,60.69,64.21,15788.4,6.5,bajo
P022,2025-06-14,2025-06,Centro,maiz,pequeña,53.32,25.72,78.39,42.48,20056.0,6.5,bajo
P016,2025-06-29,2025-06,Oeste,maiz,pequeña,42.87,16.87,62.41,48.47,,6.5,bajo
P016,2025-06-22,2025-06,Oeste,maiz,pequeña,44.71,16.38,61.55,54.08,14019.9,6.5,bajo
P031,2025-06-26,2025-06,Sur,olivo,mediana,66.74,17.66,63.89,59.34,19134.1,6.5,bajo
P037,2025-06-18,2025-06,Oeste,vid,pequeña,35.51,20.01,68.08,53.05,17062.5,6.5,medio
P021,2025-06-27,2025-06,Sur,maiz,mediana,69.03,17.47,63.34,68.36,19282.2,6.5,medio
P014,2025-06-05,2025-06,Este,vid,pequeña,30.22,27.99,82.48,51.19,24139.0,6.5,medio
P022,2025-06-07,2025-06,Centro,maiz,pequeña,60.33,25.71,78.26,51.81,27328.5,6.5,bajo
P026,2025-06-18,2025-06,Centro,maiz,mediana,56.66,19.33,66.9,55.21,15325.8,6.5,bajo
P018,2025-06-23,2025-06,Sur,maiz,pequeña,58.74,15.26,59.42,55.71,16091.1,6.5,bajo
P024,2025-06-28,2025-06,Este,maiz,mediana,69.39,18.69,65.63,58.41,17377.6,6.5,bajo
P023,2025-06-07,2025-06,Este,maiz,mediana,54.1,26.16,79.2,55.72,,6.5,bajo
P020,2025-06-28,2025-06,Norte,vid,pequeña,45.39,17.74,63.94,58.55,19229.0,6.5,bajo
P017,2025-06-02,2025-06,Sur,maiz,mediana,46.32,23.42,74.1,52.25,21835.6,6.5,bajo
P037,2025-06-23,2025-06,Oeste,vid,pequeña,37.61,13.61,56.52,56.9,16074.9,6.5,medio
P011,2025-06-15,2025-06,Este,olivo,grande,43.1,24.43,76.05,55.11,19297.4,6.5,bajo
P025,2025-06-09,2025-06,Este,maiz,mediana,50.39,29.02,84.13,55.1,22537.5,6.5,bajo
P007,2025-06-30,2025-06,Centro,olivo,mediana,68.92,22.88,73.26,,23342.7,6.5,bajo
P032,2025-06-04,2025-06,Oeste,trigo,pequeña,48.35,26.04,78.87,51.17,22826.0,6.5,bajo
P015,2025-06-14,2025-06,Centro,trigo,mediana,47.8,23.76,74.65,62.58,20629.4,6.5,alto
P011,2025-06-29,2025-06,Este,olivo,grande,64.29,20.06,68.09,51.31,18950.9,6.5,bajo
P009,2025-06-21,2025-06,Este,trigo,pequeña,51.7,18.0,64.51,69.18,15897.3,6.5,bajo
P038,2025-06-07,2025-06,Sur,maiz,pequeña,31.91,27.99,82.49,58.09,26223.6,6.5,medio
P011,2025-06-07,2025-06,Este,olivo,grande,31.7,27.58,81.57,60.92,24559.0,6.5,medio
P036,2025-06-17,2025-06,Este,vid,grande,34.38,19.75,67.44,54.86,20023.4,6.5,medio
P031,2025-06-28,2025-06,Sur,olivo,mediana,65.56,18.3,64.74,57.79,21027.5,6.5,bajo
P035,2025-06-05,2025-06,Norte,olivo,pequeña,62.03,26.3,79.34,53.0,22965.8,6.5,bajo
P010,2025-06-01,2025-06,Norte,vid,grande,29.34,19.22,66.38,66.29,22016.2,6.5,medio
P010,2025-06-21,2025-06,Norte,vid,grande,14.46,14.28,57.54,55.53,14484.5,6.5,alto
P028,2025-06-03,2025-06,Centro,olivo,pequeña,36.36,25.32,77.65,65.62,23927.4,6.5,medio
P004,2025-06-07,2025-06,Centro,olivo,mediana,43.7,29.36,84.73,61.43,26223.7,6.5,bajo
P030,2025-06-18,2025-06,Norte,maiz,grande,63.93,18.24,64.9,66.96,16752.8,6.5,bajo
P028,2025-06-09,2025-06,Centro,olivo,pequeña,39.25,28.05,82.55,42.82,23455.0,6.5,medio
P002,2025-06-02,2025-06,Sur,trigo,pequeña,40.49,20.61,68.99,55.72,22147.5,6.5,bajo
P026,2025-06-13,2025-06,Centro,maiz,mediana,38.82,23.53,74.49,48.75,21544.7,6.5,medio
P032,2025-06-24,2025-06,Oeste,trigo,pequeña,,16.82,62.3,67.37,16480.6,6.5,bajo
P011,2025-06-20,2025-06,Este,olivo,grande,59.42,17.64,63.79,51.51,15338.3,6.5,bajo
P010,2025-06-29,2025-06,Norte,vid,grande,43.52,,70.66,52.05,18320.2,6.5,bajo
P007,2025-06-20,2025-06,Centro,olivo,mediana,23.76,16.64,61.86,52.96,,6.5,medio
P019,2025-06-21,2025-06,Este,vid,mediana,9.65,19.34,66.8,64.02,16106.6,6.5,alto
P006,2025-06-29,2025-06,Norte,vid,grande,47.04,19.89,67.7,57.51,21709.9,6.5,bajo
P038,2025-06-22,2025-06,Sur,maiz,pequeña,24.26,17.08,62.84,71.59,15974.7,6.5,medio
P003,2025-06-29,2025-06,Este,olivo,pequeña,18.82,19.19,66.66,58.23,20658.6,6.5,bajo
P027,2025-06-08,2025-06,Norte,maiz,pequeña,49.68,29.14,84.45,57.08,23446.0,6.5,bajo
P025,2025-06-05,2025-06,Este,maiz,mediana,36.94,28.36,83.13,51.31,24722.6,6.5,medio
P028,2025-06-17,2025-06,Centro,olivo,pequeña,42.55,20.53,68.97,59.25,17194.7,6.5,bajo
P007,2025-06-29,2025-06,Centro,olivo,mediana,70.0,20.19,68.13,50.52,17246.2,6.5,bajo
P035,2025-06-20,2025-06,Norte,olivo,pequeña,70.0,17.57,63.46,65.62,15501.8,6.5,bajo
P010,2025-06-27,2025-06,Norte,vid,grande,24.76,18.25,64.87,52.65,20839.0,6.5,medio
P034,2025-06-08,2025-06,Centro,trigo,mediana,50.01,26.7,79.99,46.37,22835.6,6.5,bajo
P017,2025-06-18,2025-06,Sur,maiz,mediana,70.0,20.78,69.44,51.55,17959.5,6.5,bajo
P028,2025-06-25,2025-06,Centro,olivo,pequeña,65.14,16.81,62.33,68.69,17108.5,6.5,bajo
P015,2025-06-10,2025-06,Centro,trigo,mediana,48.24,25.63,78.19,53.13,,6.5,bajo
P017,2025-06-27,2025-06,Sur,maiz,mediana,68.76,18.22,64.74,49.39,20616.9,6.5,bajo
P028,2025-06-21,2025-06,Centro,olivo,pequeña,66.59,16.91,62.37,53.8,16663.7,6.5,bajo
P024,2025-06-04,2025-06,Este,maiz,mediana,52.78,25.41,77.76,56.32,21615.7,6.5,bajo
P001,2025-06-11,2025-06,Norte,vid,pequeña,47.89,25.79,78.6,47.92,21463.0,6.5,bajo
P029,2025-06-08,2025-06,Centro,maiz,grande,61.31,26.2,79.2,55.71,23622.3,6.5,bajo
P016,2025-06-13,2025-06,Oeste,maiz,pequeña,27.41,23.72,74.67,52.49,22538.9,6.5,medio
P007,2025-06-19,2025-06,Centro,olivo,mediana,23.83,18.35,64.99,64.88,16181.5,6.5,medio
P002,2025-06-30,2025-06,Sur,trigo,pequeña,48.7,21.97,71.55,61.19,23962.8,6.5,bajo
P031,2025-06-07,2025-06,Sur,olivo,mediana,32.6,28.71,83.56,58.67,23382.6,6.5,medio
P034,2025-06-07,2025-06,Centro,trigo,mediana,32.23,29.86,85.61,52.2,,6.5,medio
P010,2025-06-06,2025-06,Norte,vid,grande,25.49,26.53,79.68,39.28,22952.4,6.5,medio
P027,2025-06-29,2025-06,Norte,maiz,pequeña,58.04,19.27,66.88,50.8,20456.2,6.5,bajo
P031,2025-06-08,2025-06,Sur,olivo,mediana,42.79,26.41,79.46,59.07,22314.1,6.5,bajo
P022,2025-06-28,2025-06,Centro,maiz,pequeña,68.72,20.25,68.51,58.0,21564.8,6.5,bajo
P032,2025-06-27,2025-06,Oeste,trigo,pequeña,57.61,18.57,65.52,68.14,20786.5,6.5,bajo
P030,2025-06-16,2025-06,Norte,maiz,grande,63.77,20.61,69.08,51.63,18096.0,6.5,bajo
P008,2025-06-11,2025-06,Sur,trigo,mediana,39.77,25.71,78.44,55.64,25073.7,6.5,medio
P027,2025-06-09,2025-06,Norte,maiz,pequeña,46.61,26.99,80.64,53.36,24530.7,6.5,bajo
P024,2025-06-22,2025-06,Este,maiz,mediana,64.23,18.57,65.35,61.39,,6.5,bajo
P024,2025-06-24,2025-06,Este,maiz,mediana,70.0,15.48,59.81,63.8,16989.6,6.5,bajo
P038,2025-06-03,2025-06,Sur,maiz,pequeña,38.15,26.69,80.17,55.08,24650.8,6.5,medio
P040,2025-06-21,2025-06,Este,vid,mediana,60.48,17.82,64.16,67.43,15702.2,6.5,bajo
P027,2025-06-10,2025-06,Norte,maiz,pequeña,47.12,24.59,76.22,43.31,22719.0,6.5,bajo
P014,2025-06-26,2025-06,Este,vid,pequeña,42.08,17.57,63.57,65.39,,6.5,bajo
P030,2025-06-29,2025-06,Norte,maiz,grande,61.3,17.65,63.74,50.27,18480.3,6.5,medio
P032,2025-06-05,2025-06,Oeste,trigo,pequeña,48.64,27.07,80.77,63.47,22480.5,6.5,bajo
P009,2025-06-26,2025-06,Este,trigo,pequeña,69.99,16.89,62.26,58.39,,6.5,bajo
P022,2025-06-02,2025-06,Centro,maiz,pequeña,41.38,23.71,74.72,50.48,21333.8,6.5,bajo
P009,2025-06-08,2025-06,Este,trigo,pequeña,48.49,27.19,80.96,52.62,23770.6,6.5,bajo
P023,2025-06-23,2025-06,Este,maiz,mediana,,16.17,61.08,,15850.2,6.5,alto
P019,2025-06-19,2025-06,Este,vid,mediana,12.05,17.98,64.39,59.06,14657.5,6.5,alto
P038,2025-06-27,2025-06,Sur,maiz,pequeña,39.21,16.91,62.42,53.61,19822.3,6.5,medio
P033,2025-06-08,2025-06,Sur,trigo,grande,67.65,28.64,83.49,44.84,20601.2,6.5,bajo
P034,2025-06-15,2025-06,Centro,trigo,mediana,53.97,24.49,75.98,44.53,18007.8,6.5,bajo
P033,2025-06-25,2025-06,Sur,trigo,grande,69.21,17.09,62.56,54.92,16448.3,6.5,bajo
P010,2025-06-25,2025-06,Norte,vid,grande,13.32,17.44,63.4,58.46,17113.6,6.5,alto
P018,2025-06-10,2025-06,Sur,maiz,pequeña,46.85,28.55,83.57,45.0,23553.3,6.5,bajo
P026,2025-06-21,2025-06,Centro,maiz,mediana,58.37,14.36,57.75,67.25,17124.0,6.5,bajo
P003,2025-06-24,2025-06,Este,olivo,pequeña,9.38,13.38,56.01,60.18,16513.8,6.5,alto
P008,2025-06-22,2025-06,Sur,trigo,mediana,56.29,15.26,59.51,57.36,16010.6,6.5,bajo
P021,2025-06-21,2025-06,Sur,maiz,mediana,70.0,15.5,59.93,56.61,11955.6,6.5,bajo
P012,2025-06-04,2025-06,Norte,olivo,mediana,66.03,27.46,81.33,52.48,24770.7,6.5,bajo
P005,2025-06-10,2025-06,Sur,olivo,pequeña,14.33,28.04,82.5,42.99,22867.6,6.5,alto
P034,2025-06-22,2025-06,Centro,trigo,mediana,61.39,17.93,64.22,52.22,16607.1,6.5,bajo
P022,2025-06-15,2025-06,Centro,maiz,pequeña,52.04,20.19,68.26,54.28,19149.0,6.5,bajo
P033,2025-06-14,2025-06,Sur,trigo,grande,70.0,25.22,77.43,44.1,18829.8,6.5,bajo
P013,2025-06-23,2025-06,Este,olivo,grande,38.17,15.32,59.56,65.75,17270.1,6.5,medio
P029,2025-06-28,2025-06,Centro,maiz,grande,70.0,18.55,65.35,62.2,20060.5,6.5,bajo
P019,2025-06-03,2025-06,Este,vid,mediana,23.56,24.78,76.52,51.87,24792.1,6.5,medio
P040,2025-06-24,2025-06,Este,vid,mediana,70.0,16.18,61.09,59.79,15063.2,6.5,bajo
P030,2025-06-05,2025-06,Norte,maiz,grande,36.72,24.1,,60.27,21568.1,6.5,medio
P012,2025-06-02,2025-06,Norte,olivo,mediana,,23.5,74.13,51.76,20746.8,6.5,bajo
P014,2025-06-20,2025-06,Este,vid,pequeña,18.64,16.68,61.98,53.65,14247.1,6.5,alto
P003,2025-06-17,2025-06,Este,olivo,pequeña,10.62,19.7,67.47,62.36,19243.3,6.5,alto
P029,2025-06-29,2025-06,Centro,maiz,grande,69.2,21.03,69.82,,20924.1,6.5,bajo
P005,2025-06-19,2025-06,Sur,olivo,pequeña,8.96,19.73,67.59,52.83,15335.0,6.5,alto
P019,2025-06-04,2025-06,Este,vid,mediana,22.19,25.76,78.3,49.75,20856.8,6.5,medio
P023,2025-06-14,2025-06,Este,maiz,mediana,63.41,26.09,79.2,52.87,21035.0,6.5,alto
P031,2025-06-21,2025-06,Sur,olivo,mediana,58.74,13.26,55.96,66.35,17740.5,6.5,bajo
P003,2025-06-04,2025-06,Este,olivo,pequeña,25.74,26.72,80.11,50.4,25172.0,6.5,medio
P005,2025-06-22,2025-06,Sur,olivo,pequeña,17.08,15.05,59.02,67.83,16842.9,6.5,alto
P024,2025-06-27,2025-06,Este,maiz,mediana,69.15,18.01,64.46,56.01,16167.1,6.5,bajo
P013,2025-06-17,2025-06,Este,olivo,grande,38.23,18.83,65.88,53.33,18568.6,6.5,medio
P013,2025-06-04,2025-06,Este,olivo,grande,36.42,26.36,79.6,43.88,22600.9,6.5,medio
P005,2025-06-20,2025-06,Sur,olivo,pequeña,18.35,16.97,62.59,63.79,14598.1,6.5,alto
P030,2025-06-15,2025-06,Norte,maiz,grande,65.04,20.18,68.44,53.59,20850.1,6.5,bajo
P035,2025-06-22,2025-06,Norte,olivo,pequeña,68.95,,61.55,63.49,16747.2,6.5,bajo
P008,2025-06-15,2025-06,Sur,trigo,mediana,55.1,24.71,76.57,54.0,17688.9,6.5,bajo
P018,2025-06-05,2025-06,Sur,maiz,pequeña,38.39,26.17,79.08,49.95,24171.4,6.5,medio
P009,2025-06-27,2025-06,Este,trigo,pequeña,68.51,15.37,59.72,63.84,19386.0,6.5,bajo
P039,2025-06-30,2025-06,Oeste,maiz,pequeña,67.86,19.35,66.72,66.05,22523.8,6.5,bajo
P017,2025-06-07,2025-06,Sur,maiz,mediana,52.01,28.58,83.3,44.61,26621.8,6.5,bajo
P012,2025-06-23,2025-06,Norte,olivo,mediana,67.91,17.67,63.74,57.12,16091.5,6.5,bajo
P034,2025-06-16,2025-06,Centro,trigo,mediana,54.11,24.02,75.37,53.19,16065.2,6.5,bajo
P021,2025-06-18,2025-06,Sur,maiz,mediana,70.0,18.75,65.92,62.16,18317.0,6.5,bajo
P023,2025-06-08,2025-06,Este,maiz,mediana,69.89,28.87,83.93,49.17,24561.6,6.5,medio
P026,2025-06-25,2025-06,Centro,maiz,mediana,57.0,15.58,60.03,53.74,17115.1,6.5,bajo
P019,2025-06-14,2025-06,Este,vid,mediana,14.65,24.07,75.21,48.02,19838.7,6.5,alto
P020,2025-06-06,2025-06,Norte,vid,pequeña,38.14,26.02,79.05,51.03,21539.7,6.5,medio
P031,2025-06-15,2025-06,Sur,olivo,mediana,64.75,24.2,75.55,53.88,17001.4,6.5,bajo
P016,2025-06-16,2025-06,Oeste,maiz,pequeña,26.97,22.2,71.93,58.08,19933.3,6.5,medio
P020,2025-06-21,2025-06,Norte,vid,pequeña,45.22,19.8,67.53,62.95,15809.2,6.5,bajo
P026,2025-06-15,2025-06,Centro,maiz,mediana,57.7,20.84,69.35,55.89,,6.5,bajo
P022,2025-06-05,2025-06,Centro,maiz,pequeña,62.59,28.72,83.58,48.42,24679.9,6.5,bajo
P028,2025-06-28,2025-06,Centro,olivo,pequeña,64.8,18.13,64.6,61.76,20308.1,6.5,bajo
P010,2025-06-20,2025-06,Norte,vid,grande,12.56,18.34,65.0,59.45,17298.2,6.5,alto
P002,2025-06-10,2025-06,Sur,trigo,pequeña,40.84,27.27,80.93,59.59,22890.6,6.5,bajo
P002,2025-06-01,2025-06,Sur,trigo,pequeña,42.36,22.46,72.1,60.1,22435.6,6.5,bajo
P009,2025-06-03,2025-06,Este,trigo,pequeña,55.11,24.11,75.54,59.62,22531.8,6.5,bajo
P015,2025-06-09,2025-06,Centro,trigo,mediana,46.76,28.56,83.11,43.26,,6.5,bajo
P005,2025-06-17,2025-06,Sur,olivo,pequeña,6.4,20.55,68.86,56.11,16532.0,6.5,alto
P037,2025-06-21,2025-06,Oeste,vid,pequeña,38.37,17.42,63.42,52.28,15510.4,6.5,medio
P029,2025-06-25,2025-06,Centro,maiz,grande,69.53,14.89,58.7,61.64,17660.5,6.5,bajo
P001,2025-06-04,2025-06,Norte,vid,pequeña,53.07,24.56,76.2,55.0,25106.0,6.5,bajo
P028,2025-06-23,2025-06,Centro,olivo,pequeña,65.43,16.35,61.49,69.08,14748.5,6.5,bajo
P021,2025-06-03,2025-06,Sur,maiz,mediana,43.65,22.78,73.0,50.51,23249.4,6.5,bajo
P035,2025-06-14,2025-06,Norte,olivo,pequeña,63.74,24.99,77.12,51.43,21810.2,6.5,bajo
P022,2025-06-25,2025-06,Centro,maiz,pequeña,70.0,14.58,58.28,58.88,18326.5,6.5,bajo
P029,2025-06-04,2025-06,Centro,maiz,grande,37.44,25.87,78.54,46.74,22931.9,6.5,medio
P027,2025-06-04,2025-06,Norte,maiz,pequeña,50.85,25.99,78.57,51.43,21954.7,6.5,bajo
P036,2025-06-24,2025-06,Este,vid,grande,31.12,15.85,60.5,50.23,15830.4,6.5,medio
P015,2025-06-23,2025-06,Centro,trigo,mediana,62.59,15.61,60.24,58.93,17351.7,6.5,bajo
P040,2025-06-08,2025-06,Este,vid,mediana,28.14,29.39,84.83,45.49,23255.7,6.5,medio
P015,2025-06-16,2025-06,Centro,trigo,mediana,49.57,20.56,68.9,55.69,18824.4,6.5,bajo
P039,2025-06-29,2025-06,Oeste,maiz,pequeña,68.17,18.97,66.11,54.61,21657.7,6.5,bajo
P004,2025-06-11,2025-06,Centro,olivo,mediana,57.49,25.77,78.46,49.12,23915.1,6.5,bajo
P026,2025-06-23,2025-06,Centro,maiz,mediana,56.29,15.61,60.02,56.11,18798.5,6.5,bajo
P017,2025-06-15,2025-06,Sur,maiz,mediana,60.74,24.42,76.05,49.42,17861.3,6.5,bajo
P035,2025-06-08,2025-06,Norte,olivo,pequeña,61.87,25.72,78.15,48.73,24284.3,6.5,bajo
P027,2025-06-27,2025-06,Norte,maiz,pequeña,57.58,17.84,64.11,45.92,18582.5,6.5,bajo
P039,2025-06-02,2025-06,Oeste,maiz,pequeña,45.49,22.71,72.9,53.28,23431.6,6.4,bajo
P029,2025-06-06,2025-06,Centro,maiz,grande,50.55,26.33,79.33,59.37,29408.6,6.5,bajo
P033,2025-06-27,2025-06,Sur,trigo,grande,70.0,15.93,60.68,61.76,19297.8,6.5,bajo
P008,2025-06-18,2025-06,Sur,trigo,mediana,54.68,19.13,66.3,55.04,19612.1,6.5,bajo
P040,2025-06-23,2025-06,Este,vid,mediana,70.0,13.49,56.24,61.23,15642.6,6.5,bajo
P023,2025-06-12,2025-06,Este,maiz,mediana,67.26,26.45,79.68,48.57,19179.7,6.5,bajo
P029,2025-06-19,2025-06,Centro,maiz,grande,66.7,17.89,64.21,61.98,13876.5,6.5,bajo
P031,2025-06-25,2025-06,Sur,olivo,mediana,67.28,17.23,62.86,50.35,17032.1,6.5,bajo
P003,2025-06-07,2025-06,Este,olivo,pequeña,20.91,27.08,80.86,56.48,23119.3,6.5,medio
P003,2025-06-08,2025-06,Este,olivo,pequeña,19.22,24.77,76.47,50.78,20887.6,6.5,alto
P028,2025-06-07,2025-06,Centro,olivo,pequeña,40.08,27.32,81.15,,25383.9,6.5,bajo
P008,2025-06-02,2025-06,Sur,trigo,mediana,118.89,24.82,76.83,59.61,22475.9,6.5,bajo
P001,2025-06-13,2025-06,Norte,vid,pequeña,48.38,24.97,76.89,54.44,18454.2,6.5,bajo
P017,2025-06-14,2025-06,Sur,maiz,mediana,45.73,24.05,,54.42,18147.0,6.5,bajo
P039,2025-06-25,2025-06,Oeste,maiz,pequeña,65.05,18.35,64.97,57.82,17706.8,6.5,bajo
P010,2025-06-30,2025-06,Norte,vid,grande,41.92,20.07,67.99,54.38,20619.3,6.5,bajo
P014,2025-06-21,2025-06,Este,vid,pequeña,18.71,16.74,62.22,64.16,17120.9,6.5,alto
P026,2025-06-07,2025-06,Centro,maiz,mediana,32.6,27.96,82.33,49.92,20450.6,6.6,medio
P036,2025-06-25,2025-06,Este,vid,grande,31.15,18.01,64.44,54.64,15809.7,6.5,medio
P024,2025-06-06,2025-06,Este,maiz,mediana,63.34,25.75,78.18,54.2,24485.5,6.5,bajo
P039,2025-06-11,2025-06,Oeste,maiz,pequeña,-5.16,27.57,81.55,55.56,21358.4,6.5,medio
P025,2025-06-04,2025-06,Este,maiz,mediana,41.02,25.32,77.67,55.0,23355.2,6.5,bajo
P034,2025-06-26,2025-06,Centro,trigo,mediana,69.21,13.27,55.93,49.75,19591.0,6.5,bajo
P018,2025-06-18,2025-06,Sur,maiz,pequeña,44.18,18.09,64.41,48.85,16485.7,6.5,bajo
P020,2025-06-30,2025-06,Norte,vid,pequeña,112.9,23.46,74.26,53.14,21609.0,6.5,bajo
P038,2025-06-10,2025-06,Sur,maiz,pequeña,118.37,28.69,83.63,54.14,21481.8,6.5,medio
P019,2025-06-27,2025-06,Este,vid,mediana,21.61,17.88,64.33,60.9,18745.5,6.5,medio
P025,2025-06-11,2025-06,Este,maiz,mediana,49.43,26.64,79.97,53.55,22791.6,6.5,bajo
P010,2025-06-04,2025-06,Norte,vid,grande,26.9,24.75,76.46,38.93,21741.2,6.5,medio
P033,2025-06-07,2025-06,Sur,trigo,grande,67.68,27.81,82.09,45.14,22717.0,6.5,bajo
P008,2025-06-28,2025-06,Sur,trigo,mediana,59.88,20.5,68.92,52.43,18151.8,6.5,bajo
P014,2025-06-16,2025-06,Este,vid,pequeña,19.82,21.19,70.22,59.07,18563.8,6.5,alto
P001,2025-06-03,2025-06,Norte,vid,pequeña,41.2,24.15,75.43,53.65,24280.1,6.5,bajo
P001,2025-06-07,2025-06,Norte,vid,pequeña,51.99,25.47,77.81,53.2,24867.9,6.5,bajo
P011,2025-06-12,2025-06,Este,olivo,grande,47.16,25.36,,52.52,23456.1,6.5,bajo
P037,2025-06-11,2025-06,Oeste,vid,pequeña,38.0,25.45,77.78,46.34,19791.0,6.5,medio
P016,2025-06-02,2025-06,Oeste,maiz,pequeña,41.88,24.63,76.23,57.21,21885.8,6.5,bajo
P025,2025-06-02,2025-06,Este,maiz,mediana,42.0,19.85,67.82,49.65,22497.8,6.5,bajo
P008,2025-06-06,2025-06,Sur,trigo,mediana,36.2,26.96,80.62,54.86,24662.9,6.5,medio
P037,2025-06-06,2025-06,Oeste,vid,pequeña,27.21,27.84,82.13,51.34,26500.3,6.5,medio
P001,2025-06-28,2025-06,Norte,vid,pequeña,68.06,15.76,60.48,69.51,18327.0,6.5,bajo
P039,2025-06-18,2025-06,Oeste,maiz,pequeña,48.17,16.16,61.14,64.74,14917.4,6.4,bajo
P013,2025-06-02,2025-06,Este,olivo,grande,24.24,25.7,78.22,57.92,21124.2,6.5,medio
P028,2025-06-13,2025-06,Centro,olivo,pequeña,43.74,24.63,76.18,48.09,20330.1,6.5,bajo
P027,2025-06-01,2025-06,Norte,maiz,pequeña,51.92,21.74,71.3,51.67,19494.2,6.5,bajo
P021,2025-06-29,2025-06,Sur,maiz,mediana,69.91,21.6,70.76,46.92,19733.2,6.5,bajo
P016,2025-06-04,2025-06,Oeste,maiz,pequeña,39.66,26.49,79.65,45.43,22839.1,6.5,medio
P025,2025-06-19,2025-06,Este,maiz,mediana,52.93,21.5,70.74,50.16,13934.2,6.5,bajo
P018,2025-06-26,2025-06,Sur,maiz,pequeña,56.45,18.56,65.4,,16123.5,6.5,bajo
P035,2025-06-30,2025-06,Norte,olivo,pequeña,70.0,19.39,66.86,61.13,20508.5,6.5,bajo
P014,2025-06-09,2025-06,Este,vid,pequeña,25.87,26.97,80.67,55.4,23581.2,6.5,medio
P009,2025-06-17,2025-06,Este,trigo,pequeña,52.06,21.46,70.77,55.02,21434.9,6.5,bajo
P010,2025-06-22,2025-06,Norte,vid,grande,14.86,16.1,60.92,56.49,17209.4,6.5,alto
P001,2025-06-26,2025-06,Norte,vid,pequeña,70.0,17.39,63.34,50.21,14872.5,6.5,bajo
P012,2025-06-07,2025-06,Norte,olivo,mediana,70.0,27.87,82.12,47.54,24955.6,6.5,bajo
P020,2025-06-15,2025-06,Norte,vid,pequeña,49.94,23.9,75.08,56.91,22674.8,6.5,alto
P002,2025-06-18,2025-06,Sur,trigo,pequeña,34.52,21.01,69.77,63.58,18244.9,6.5,medio
P011,2025-06-19,2025-06,Este,olivo,grande,43.99,18.19,64.68,55.82,14527.9,6.5,bajo
P004,2025-06-17,2025-06,Centro,olivo,mediana,67.2,21.2,70.1,66.94,,6.5,bajo
P027,2025-06-19,2025-06,Norte,maiz,pequeña,40.23,19.12,66.58,52.03,16074.2,6.5,bajo
P002,2025-06-26,2025-06,Sur,trigo,pequeña,46.35,17.65,63.69,51.53,18342.3,6.5,bajo
P018,2025-06-13,2025-06,Sur,maiz,pequeña,42.19,24.72,76.4,50.5,21403.6,6.5,bajo
P008,2025-06-04,2025-06,Sur,trigo,mediana,38.46,25.68,78.03,47.94,22571.8,6.5,medio
P005,2025-06-01,2025-06,Sur,olivo,pequeña,22.42,21.53,70.64,50.34,23174.7,6.5,medio
P031,2025-06-18,2025-06,Sur,olivo,mediana,61.71,18.83,65.89,50.59,16136.2,6.5,bajo
P036,2025-06-18,2025-06,Este,vid,grande,33.14,18.87,65.96,51.12,17127.9,6.5,medio
P038,2025-06-08,2025-06,Sur,maiz,pequeña,28.04,28.07,82.47,49.28,24478.5,6.5,medio
P003,2025-06-13,2025-06,Este,olivo,pequeña,12.86,27.48,81.22,50.44,20264.6,6.5,alto
P032,2025-06-18,2025-06,Oeste,trigo,pequeña,43.0,18.43,65.35,54.9,18169.8,6.5,bajo
P025,2025-06-27,2025-06,Este,maiz,mediana,53.12,18.56,65.39,56.08,18643.5,6.5,bajo
P024,2025-06-26,2025-06,Este,maiz,mediana,68.42,20.33,68.64,58.47,,6.5,bajo
P019,2025-06-18,2025-06,Este,vid,mediana,11.63,19.52,67.12,52.82,16190.6,6.5,alto
P037,2025-06-02,2025-06,Oeste,vid,pequeña,31.48,23.92,75.26,61.23,,6.5,medio
P035,2025-06-26,2025-06,Norte,olivo,pequeña,69.94,16.88,62.23,56.55,17810.7,6.5,bajo
P019,2025-06-13,2025-06,Este,vid,mediana,13.81,23.86,74.98,49.56,19931.0,6.5,alto
P019,2025-06-22,2025-06,Este,vid,mediana,-14.03,17.21,62.98,51.52,15536.0,6.5,alto
P015,2025-06-05,2025-06,Centro,trigo,mediana,54.66,25.15,77.21,54.8,24629.5,6.5,bajo
P034,2025-06-24,2025-06,Centro,trigo,mediana,70.0,14.4,57.97,57.78,16182.2,6.5,bajo
P011,2025-06-26,2025-06,Este,olivo,grande,64.5,18.26,64.85,55.8,17354.6,6.5,bajo
P031,2025-06-24,2025-06,Sur,olivo,mediana,70.0,16.32,61.47,58.97,17371.2,6.5,bajo
P011,2025-06-17,2025-06,Este,olivo,grande,42.82,19.83,67.61,60.85,18399.1,6.5,bajo
P027,2025-06-24,2025-06,Norte,maiz,pequeña,46.34,14.74,58.55,58.64,16486.1,6.5,bajo
P039,2025-06-23,2025-06,Oeste,maiz,pequeña,46.48,15.07,59.08,67.66,18210.4,6.5,bajo
P018,2025-06-19,2025-06,Sur,maiz,pequeña,46.02,18.42,64.96,64.36,16313.0,6.5,bajo
P028,2025-06-27,2025-06,Centro,olivo,pequeña,63.95,20.15,68.23,55.38,19318.2,6.5,bajo
P024,2025-06-25,2025-06,Este,maiz,mediana,67.96,17.31,63.22,56.08,17346.4,6.5,bajo
P031,2025-06-01,2025-06,Sur,olivo,mediana,24.58,20.98,69.7,50.43,18896.0,6.5,medio
P003,2025-06-01,2025-06,Este,olivo,pequeña,29.49,21.67,70.98,52.69,22523.5,6.5,medio
P025,2025-06-03,2025-06,Este,maiz,mediana,43.35,22.7,72.75,49.57,22695.8,6.5,bajo
P004,2025-06-03,2025-06,Centro,olivo,mediana,30.47,24.32,75.63,61.36,25068.4,6.5,medio
P029,2025-06-18,2025-06,Centro,maiz,grande,66.04,19.36,66.99,53.68,17217.5,6.5,bajo
P021,2025-06-19,2025-06,Sur,maiz,mediana,69.11,16.79,62.24,55.92,13954.0,6.5,bajo
P012,2025-06-22,2025-06,Norte,olivo,mediana,69.74,15.14,59.23,60.1,15939.1,6.5,bajo
P032,2025-06-03,2025-06,Oeste,trigo,pequeña,49.5,27.04,80.6,47.17,24669.9,6.5,bajo
P010,2025-06-11,2025-06,Norte,vid,grande,21.12,26.82,80.49,50.58,21981.5,6.5,medio
P015,2025-06-01,2025-06,Centro,trigo,mediana,56.89,22.93,73.45,48.5,19278.7,6.5,bajo
P038,2025-06-05,2025-06,Sur,maiz,pequeña,35.55,27.95,82.17,53.39,23315.3,6.5,medio
P012,2025-06-30,2025-06,Norte,olivo,mediana,70.0,20.3,68.42,54.86,19567.8,6.5,bajo
P015,2025-06-03,2025-06,Centro,trigo,mediana,53.77,24.76,76.73,47.4,23827.4,6.5,bajo
P023,2025-06-19,2025-06,Este,maiz,mediana,115.83,16.3,61.3,50.44,14861.0,6.5,bajo
P018,2025-06-17,2025-06,Sur,maiz,pequeña,43.49,20.76,69.5,51.74,19125.0,6.5,bajo
P016,2025-06-28,2025-06,Oeste,maiz,pequeña,42.7,18.23,64.85,58.8,20063.0,6.5,bajo
P037,2025-06-15,2025-06,Oeste,vid,pequeña,37.95,22.78,72.91,61.12,17604.4,6.5,medio
P007,2025-06-03,2025-06,Centro,olivo,mediana,16.49,26.71,80.07,59.83,25033.0,6.5,alto
P037,2025-06-12,2025-06,Oeste,vid,pequeña,38.8,25.37,77.73,47.83,19893.8,6.5,medio
P015,2025-06-13,2025-06,Centro,trigo,mediana,46.79,24.71,76.46,61.89,17211.3,6.5,bajo
P004,2025-06-21,2025-06,Centro,olivo,mediana,65.76,19.63,67.32,,14499.5,6.5,bajo
P013,2025-06-11,2025-06,Este,olivo,grande,34.81,24.8,76.67,56.66,23681.0,6.5,medio
P008,2025-06-30,2025-06,Sur,trigo,mediana,58.54,19.78,67.69,51.96,18701.2,6.5,bajo
P024,2025-06-19,2025-06,Este,maiz,mediana,68.49,21.11,70.0,57.16,17503.8,6.5,bajo
P021,2025-06-30,2025-06,Sur,maiz,mediana,69.59,22.14,71.92,54.97,21313.3,6.5,bajo
P020,2025-06-24,2025-06,Norte,vid,pequeña,46.94,19.31,66.7,50.77,17167.7,6.5,bajo
P017,2025-06-06,2025-06,Sur,maiz,mediana,53.09,28.89,84.05,51.74,22645.7,6.5,bajo
P024,2025-06-11,2025-06,Este,maiz,mediana,59.46,26.94,80.47,61.51,21673.3,6.5,bajo
P009,2025-06-22,2025-06,Este,trigo,pequeña,63.43,15.35,59.61,53.21,14538.9,6.5,bajo
P016,2025-06-30,2025-06,Oeste,maiz,pequeña,41.67,21.27,70.25,45.74,19393.5,6.5,bajo
P022,2025-06-20,2025-06,Centro,maiz,pequeña,47.21,17.86,64.21,56.7,15226.6,6.5,bajo
P012,2025-06-10,2025-06,Norte,olivo,mediana,64.98,30.85,87.53,45.3,22877.7,6.5,bajo
P023,2025-06-09,2025-06,Este,maiz,mediana,66.75,29.29,84.67,45.77,25126.2,6.5,bajo
P019,2025-06-12,2025-06,Este,vid,mediana,16.12,27.35,81.45,52.59,22047.1,6.5,alto
P016,2025-06-09,2025-06,Oeste,maiz,pequeña,31.19,26.58,79.76,61.72,24835.5,6.5,medio
P007,2025-06-04,2025-06,Centro,olivo,mediana,27.96,25.19,77.56,52.44,24723.2,6.5,medio
P005,2025-06-18,2025-06,Sur,olivo,pequeña,8.37,18.85,66.1,61.23,15511.2,6.5,alto
P039,2025-06-21,2025-06,Oeste,maiz,pequeña,47.06,16.38,61.6,65.81,17367.0,6.5,bajo
P024,2025-06-17,2025-06,Este,maiz,mediana,68.33,20.45,68.75,36.63,18224.4,6.5,bajo
P020,2025-06-12,2025-06,Norte,vid,pequeña,30.79,30.29,86.53,40.76,21362.5,6.5,medio
P003,2025-06-21,2025-06,Este,olivo,pequeña,6.75,17.08,62.74,59.07,16605.2,6.5,alto
P026,2025-06-19,2025-06,Centro,maiz,mediana,57.1,23.11,73.58,57.43,15551.3,6.5,bajo
P029,2025-06-30,2025-06,Centro,maiz,grande,69.87,19.89,68.03,60.41,19325.2,6.5,medio
P026,2025-06-12,2025-06,Centro,maiz,mediana,38.75,27.14,80.63,46.86,19445.9,6.5,medio
P001,2025-06-30,2025-06,Norte,vid,pequeña,70.0,19.9,67.82,52.85,19164.2,6.5,bajo
P019,2025-06-02,2025-06,Este,vid,mediana,26.69,19.94,67.87,54.56,,6.5,medio
P006,2025-06-16,2025-06,Norte,vid,grande,22.44,19.1,66.3,66.06,15796.4,6.5,medio
P009,2025-06-09,2025-06,Este,trigo,pequeña,46.57,28.79,83.5,52.73,24276.8,6.5,bajo
P011,2025-06-08,2025-06,Este,olivo,grande,29.95,26.7,79.99,60.9,25398.6,6.5,medio
P015,2025-06-28,2025-06,Centro,trigo,mediana,69.34,19.58,67.19,62.55,18502.7,6.5,bajo
P012,2025-06-17,2025-06,Norte,olivo,mediana,70.0,19.32,66.81,63.58,16194.4,6.5,bajo
P012,2025-06-05,2025-06,Norte,olivo,mediana,64.99,28.62,83.44,47.06,24086.2,6.5,alto
P010,2025-06-16,2025-06,Norte,vid,grande,13.65,21.16,69.93,57.85,17131.1,6.5,alto
P032,2025-06-20,2025-06,Oeste,trigo,pequeña,42.17,19.26,66.63,65.93,14121.1,6.5,bajo
P004,2025-06-08,2025-06,Centro,olivo,mediana,42.88,30.22,86.19,50.07,23744.1,6.5,bajo
P016,2025-06-18,2025-06,Oeste,maiz,pequeña,44.26,20.48,68.87,62.68,16567.5,6.5,bajo
P035,2025-06-17,2025-06,Norte,olivo,pequeña,70.0,19.12,66.45,64.06,17334.7,6.5,bajo
P031,2025-06-13,2025-06,Sur,olivo,mediana,68.77,24.7,76.49,43.12,,6.5,bajo
P026,2025-06-06,2025-06,Centro,maiz,mediana,34.46,28.48,83.18,45.34,25773.3,6.5,medio
P032,2025-06-15,2025-06,Oeste,trigo,pequeña,30.49,23.07,73.63,56.69,19056.5,6.5,medio
P021,2025-06-14,2025-06,Sur,maiz,mediana,62.02,26.51,79.77,,,6.5,bajo
P027,2025-06-22,2025-06,Norte,maiz,pequeña,43.39,15.44,59.82,59.11,15341.4,6.5,bajo
P026,2025-06-08,2025-06,Centro,maiz,mediana,30.85,25.78,78.27,51.46,24937.8,6.5,medio
P023,2025-06-29,2025-06,Este,maiz,mediana,68.95,18.86,65.89,52.19,20925.5,6.5,bajo
P003,2025-06-06,2025-06,Este,olivo,pequeña,24.45,26.73,79.95,50.61,23987.3,6.5,medio
P027,2025-06-14,2025-06,Norte,maiz,pequeña,,25.35,77.61,,20077.8,6.5,bajo
P025,2025-06-24,2025-06,Este,maiz,mediana,52.2,15.5,59.95,58.84,16314.0,6.5,bajo
P019,2025-06-28,2025-06,Este,vid,mediana,23.52,19.59,67.24,57.56,19118.7,6.5,medio
P037,2025-06-04,2025-06,Oeste,vid,pequeña,32.0,22.06,71.61,57.74,22690.4,6.5,medio
P037,2025-06-19,2025-06,Oeste,vid,pequeña,35.71,19.09,66.15,58.41,16278.7,6.5,medio
P011,2025-06-03,2025-06,Este,olivo,grande,23.53,23.79,74.82,50.42,24557.4,6.5,medio
P009,2025-06-15,2025-06,Este,trigo,pequeña,49.61,27.09,80.77,48.98,16010.5,6.5,bajo
P032,2025-06-29,2025-06,Oeste,trigo,pequeña,,17.84,64.05,45.33,20129.3,6.5,bajo
P035,2025-06-04,2025-06,Norte,olivo,pequeña,64.38,24.8,76.58,46.09,25285.8,6.5,bajo
P011,2025-06-13,2025-06,Este,olivo,grande,45.99,27.9,82.33,,17816.3,6.5,bajo
P018,2025-06-20,2025-06,Sur,maiz,pequeña,46.51,16.23,61.38,61.06,16921.8,6.5,bajo
P008,2025-06-12,2025-06,Sur,trigo,mediana,37.6,26.85,80.3,53.52,19731.1,6.5,medio
P013,2025-06-29,2025-06,Este,olivo,grande,63.89,18.49,65.26,52.8,,6.5,bajo
P008,2025-06-26,2025-06,Sur,trigo,mediana,57.8,17.12,63.01,58.16,19540.3,6.5,bajo
P027,2025-06-30,2025-06,Norte,maiz,pequeña,56.42,24.42,75.96,50.32,20534.7,6.5,bajo
P017,2025-06-03,2025-06,Sur,maiz,mediana,55.36,25.72,78.28,48.23,23502.8,6.5,bajo
P024,2025-06-23,2025-06,Este,maiz,mediana,70.0,15.0,58.91,55.03,13590.1,6.5,bajo
P011,2025-06-06,2025-06,Este,olivo,grande,34.95,28.94,84.21,53.07,23630.3,6.5,medio
P038,2025-06-01,2025-06,Sur,maiz,pequeña,41.22,22.91,73.16,52.1,25484.7,6.5,bajo
P037,2025-06-10,2025-06,Oeste,vid,pequeña,39.42,27.24,81.1,48.91,21880.9,6.5,medio
P026,2025-06-22,2025-06,Centro,maiz,mediana,58.07,16.89,62.41,54.35,15938.2,6.5,bajo
P031,2025-06-17,2025-06,Sur,olivo,mediana,62.41,21.34,70.45,53.51,20328.0,6.5,bajo
P038,2025-06-29,2025-06,Sur,maiz,pequeña,39.4,19.52,67.14,57.65,21594.8,6.5,medio
P009,2025-06-10,2025-06,Este,trigo,pequeña,46.12,28.27,83.02,53.61,23771.3,6.5,bajo
P026,2025-06-10,2025-06,Centro,maiz,mediana,27.66,26.01,78.7,59.53,22561.3,6.5,medio
P020,2025-06-25,2025-06,Norte,vid,pequeña,47.83,17.0,62.62,57.01,18401.1,6.5,bajo
P003,2025-06-12,2025-06,Este,olivo,pequeña,15.05,30.13,86.22,45.32,23175.7,6.5,alto
P004,2025-06-05,2025-06,Centro,olivo,mediana,47.28,25.74,78.41,58.46,,6.5,bajo
P019,2025-06-06,2025-06,Este,vid,mediana,22.33,26.67,80.05,58.75,20691.9,6.5,medio
P002,2025-06-04,2025-06,Sur,trigo,pequeña,38.43,29.42,85.1,48.81,20396.3,6.5,medio
P029,2025-06-22,2025-06,Centro,maiz,grande,66.73,14.8,58.63,60.38,15531.8,6.5,bajo
P020,2025-06-09,2025-06,Norte,vid,pequeña,33.88,29.84,85.88,45.92,,6.5,medio
P015,2025-06-29,2025-06,Centro,trigo,mediana,68.01,20.93,69.59,60.35,19472.1,6.5,bajo
P015,2025-06-26,2025-06,Centro,trigo,mediana,70.0,14.73,58.47,60.58,18546.6,6.5,bajo
P009,2025-06-20,2025-06,Este,trigo,pequeña,51.69,19.71,67.38,52.59,14486.9,6.5,bajo
P007,2025-06-25,2025-06,Centro,olivo,mediana,58.65,16.84,62.41,61.27,17924.0,6.5,bajo
P020,2025-06-03,2025-06,Norte,vid,pequeña,21.87,26.91,80.34,50.51,24548.5,6.5,medio
P028,2025-06-14,2025-06,Centro,olivo,pequeña,43.87,25.99,79.0,48.54,20705.8,6.5,bajo
P020,2025-06-16,2025-06,Norte,vid,pequeña,48.17,22.33,72.02,57.35,20382.4,6.5,bajo
P013,2025-06-06,2025-06,Este,olivo,grande,32.88,26.46,79.65,51.95,23552.4,6.5,medio
P028,2025-06-02,2025-06,Centro,olivo,pequeña,36.96,24.48,76.01,56.72,22310.8,6.5,medio
P003,2025-06-18,2025-06,Este,olivo,pequeña,8.93,21.58,70.99,60.1,16279.8,6.5,alto
P003,2025-06-25,2025-06,Este,olivo,pequeña,10.89,16.09,61.04,67.06,14636.8,6.5,alto
P018,2025-06-29,2025-06,Sur,maiz,pequeña,70.0,19.32,66.67,52.9,19440.6,6.5,bajo
P003,2025-06-23,2025-06,Este,olivo,pequeña,8.27,14.69,58.53,64.4,14989.3,6.5,alto
P016,2025-06-08,2025-06,Oeste,maiz,pequeña,,27.31,81.15,48.83,24508.5,6.5,medio
P038,2025-06-28,2025-06,Sur,maiz,pequeña,38.19,17.75,63.96,53.53,18786.3,6.5,medio
P021,2025-06-15,2025-06,Sur,maiz,mediana,61.72,21.42,70.65,55.98,17640.2,6.5,bajo
P040,2025-06-16,2025-06,Este,vid,mediana,43.81,22.5,72.49,51.59,18151.7,6.5,bajo
P036,2025-06-26,2025-06,Este,vid,grande,31.47,14.32,57.88,63.98,14787.8,6.5,medio
P025,2025-06-17,2025-06,Este,maiz,mediana,54.89,21.49,70.75,57.66,16808.8,6.5,bajo
P015,2025-06-17,2025-06,Centro,trigo,mediana,50.53,19.18,66.5,60.08,17991.5,6.5,bajo
P019,2025-06-15,2025-06,Este,vid,mediana,12.69,24.83,76.52,50.4,17911.3,6.5,alto
P036,2025-06-30,2025-06,Este,vid,grande,29.69,22.63,72.84,68.87,20811.3,6.5,medio
P036,2025-06-12,2025-06,Este,vid,grande,37.63,26.43,79.56,43.32,20015.3,6.5,medio
P012,2025-06-21,2025-06,Norte,olivo,mediana,70.0,15.72,60.28,64.53,17658.5,6.5,bajo
P007,2025-06-17,2025-06,Centro,olivo,mediana,25.42,21.64,70.89,48.63,,6.5,medio
P016,2025-06-15,2025-06,Oeste,maiz,pequeña,27.68,23.35,74.12,48.83,17355.3,6.5,medio
P020,2025-06-19,2025-06,Norte,vid,pequeña,46.24,19.68,67.33,53.28,16450.2,6.5,bajo
P001,2025-06-06,2025-06,Norte,vid,pequeña,52.49,24.3,75.82,52.13,22835.6,6.5,bajo
P011,2025-06-11,2025-06,Este,olivo,grande,29.71,25.98,78.69,41.11,22837.5,6.5,medio
P023,2025-06-02,2025-06,Este,maiz,mediana,41.22,24.23,75.52,44.4,20564.6,6.5,bajo
P014,2025-06-15,2025-06,Este,vid,pequeña,19.81,24.22,75.62,51.61,16210.2,6.5,alto
P040,2025-06-26,2025-06,Este,vid,mediana,69.28,14.98,58.93,50.24,19222.8,6.5,bajo
P035,2025-06-24,2025-06,Norte,olivo,pequeña,70.0,14.58,58.37,67.57,15127.5,6.5,bajo
P036,2025-06-08,2025-06,Este,vid,grande,44.66,28.73,83.82,44.25,19862.2,6.5,bajo
P004,2025-06-15,2025-06,Centro,olivo,mediana,69.47,21.04,69.86,58.77,17865.4,6.5,bajo
P018,2025-06-27,2025-06,Sur,maiz,pequeña,55.13,19.7,67.45,59.41,20042.7,6.5,bajo
P021,2025-06-06,2025-06,Sur,maiz,mediana,55.49,25.81,78.67,47.02,24597.8,6.5,bajo
P003,2025-06-03,2025-06,Este,olivo,pequeña,26.97,22.55,72.74,48.6,24159.9,6.5,medio
P010,2025-06-12,2025-06,Norte,vid,grande,19.98,26.46,79.67,54.45,20626.9,6.5,alto
P036,2025-06-06,2025-06,Este,vid,grande,33.03,26.94,80.53,54.85,23890.0,6.5,medio
P008,2025-06-29,2025-06,Sur,trigo,mediana,58.43,18.68,65.48,56.58,,6.5,bajo
P008,2025-06-14,2025-06,Sur,trigo,mediana,54.2,22.89,73.21,39.83,19765.9,6.5,bajo
P005,2025-06-26,2025-06,Sur,olivo,pequeña,19.91,16.02,60.85,57.39,17227.4,6.5,alto
P038,2025-06-09,2025-06,Sur,maiz,pequeña,29.7,25.42,77.74,50.38,25033.4,6.5,medio
P013,2025-06-14,2025-06,Este,olivo,grande,30.52,,73.64,51.38,19279.1,6.5,medio
P004,2025-06-29,2025-06,Centro,olivo,mediana,63.72,19.68,67.6,62.58,20882.4,6.5,bajo
P027,2025-06-23,2025-06,Norte,maiz,pequeña,45.04,15.78,60.4,64.31,15745.6,6.5,bajo
P009,2025-06-11,2025-06,Este,trigo,pequeña,44.91,29.12,84.33,50.32,25653.3,6.5,bajo
P039,2025-06-17,2025-06,Oeste,maiz,pequeña,-11.69,20.77,69.26,56.96,19949.7,6.5,medio
P001,2025-06-10,2025-06,Norte,vid,pequeña,46.94,28.98,84.06,44.88,22933.0,6.5,bajo
P015,2025-06-30,2025-06,Centro,trigo,mediana,63.34,22.15,71.89,60.98,20920.5,6.5,bajo
P030,2025-06-04,2025-06,Norte,maiz,grande,36.84,26.68,80.17,54.4,26012.4,6.5,medio
P013,2025-06-30,2025-06,Este,olivo,grande,62.48,20.92,69.71,57.45,19679.0,6.5,bajo
P033,2025-06-06,2025-06,Sur,trigo,grande,68.94,27.5,81.56,47.15,26195.4,6.5,bajo
P016,2025-06-11,2025-06,Oeste,maiz,pequeña,27.97,30.15,86.18,53.65,24978.6,6.5,medio
P039,2025-06-07,2025-06,Oeste,maiz,pequeña,40.81,27.88,82.2,43.64,21256.9,6.4,bajo
P005,2025-06-25,2025-06,Sur,olivo,pequeña,20.0,17.77,64.07,52.89,19352.5,6.5,medio
P017,2025-06-22,2025-06,Sur,maiz,mediana,70.0,17.28,62.97,60.47,16214.5,6.5,bajo
P037,2025-06-28,2025-06,Oeste,vid,pequeña,41.1,19.29,66.66,61.87,,6.5,bajo
P018,2025-06-30,2025-06,Sur,maiz,pequeña,70.0,22.01,,56.43,21964.8,6.5,bajo
P006,2025-06-28,2025-06,Norte,vid,grande,47.44,18.8,65.88,62.24,20986.0,6.5,bajo
P039,2025-06-19,2025-06,Oeste,maiz,pequeña,50.35,15.28,59.45,61.07,15926.1,6.5,bajo
P036,2025-06-01,2025-06,Este,vid,grande,21.72,22.07,71.72,53.37,21474.8,6.5,medio
P020,2025-06-14,2025-06,Norte,vid,pequeña,31.94,24.91,76.86,58.41,20264.8,6.5,medio
P040,2025-06-25,2025-06,Este,vid,mediana,70.0,14.47,57.97,67.09,,6.5,bajo
P001,2025-06-08,2025-06,Norte,vid,pequeña,50.11,27.16,80.9,58.18,23406.4,6.5,bajo
P020,2025-06-04,2025-06,Norte,vid,pequeña,20.59,27.34,81.14,42.68,24369.9,6.5,medio
P029,2025-06-03,2025-06,Centro,maiz,grande,38.97,25.92,78.7,47.71,21140.7,6.5,medio
P012,2025-06-28,2025-06,Norte,olivo,mediana,69.53,19.36,66.69,66.42,19758.0,6.5,bajo
P011,2025-06-30,2025-06,Este,olivo,grande,63.83,23.5,74.35,45.5,21854.7,6.5,bajo
P024,2025-06-15,2025-06,Este,maiz,mediana,70.0,23.95,75.32,45.11,20485.7,6.5,bajo
P028,2025-06-20,2025-06,Centro,olivo,pequeña,64.9,15.76,60.26,67.8,18758.9,6.5,bajo
P009,2025-06-19,2025-06,Este,trigo,pequeña,53.2,20.12,68.26,48.86,16980.7,6.5,bajo
P030,2025-06-21,2025-06,Norte,maiz,grande,60.06,17.27,63.2,67.46,15410.3,6.5,bajo
P028,2025-06-24,2025-06,Centro,olivo,pequeña,63.67,18.15,64.81,60.48,16528.5,6.5,bajo
P040,2025-06-18,2025-06,Este,vid,mediana,44.98,19.51,67.15,52.09,19336.8,6.5,bajo
P031,2025-06-05,2025-06,Sur,olivo,mediana,34.59,25.59,78.04,,22688.0,6.5,medio
P018,2025-06-16,2025-06,Sur,maiz,pequeña,43.37,21.51,70.64,61.74,18444.4,6.5,bajo
P028,2025-06-04,2025-06,Centro,olivo,pequeña,35.64,25.74,78.42,54.88,22456.0,6.5,medio
P025,2025-06-12,2025-06,Este,maiz,mediana,48.7,26.41,79.57,,21396.0,6.5,bajo
P035,2025-06-12,2025-06,Norte,olivo,pequeña,67.93,24.08,75.32,46.29,20769.8,6.5,bajo
P039,2025-06-01,2025-06,Oeste,maiz,pequeña,45.48,24.03,75.22,54.4,21855.7,6.5,bajo
P015,2025-06-21,2025-06,Centro,trigo,mediana,60.73,17.91,64.23,60.01,15577.9,6.5,bajo
P018,2025-06-22,2025-06,Sur,maiz,pequeña,44.15,15.12,59.21,59.6,19450.6,6.5,bajo
P032,2025-06-30,2025-06,Oeste,trigo,pequeña,57.62,21.19,70.22,56.1,20491.4,6.5,bajo
P008,2025-06-19,2025-06,Sur,trigo,mediana,56.39,17.64,63.76,49.27,19084.9,6.5,bajo
P035,2025-06-21,2025-06,Norte,olivo,pequeña,69.99,17.24,63.0,61.58,17582.2,6.5,bajo
P008,2025-06-03,2025-06,Sur,trigo,mediana,41.07,22.28,72.11,,23286.3,6.5,bajo
P003,2025-06-20,2025-06,Este,olivo,pequeña,7.61,20.82,69.48,47.87,15705.4,6.5,alto
P005,2025-06-29,2025-06,Sur,olivo,pequeña,23.43,19.5,67.09,60.05,23813.6,6.5,medio
P020,2025-06-22,2025-06,Norte,vid,pequeña,44.78,18.44,65.33,56.14,,6.5,bajo
P024,2025-06-18,2025-06,Este,maiz,mediana,67.41,17.98,64.45,69.72,18210.6,6.5,bajo
P020,2025-06-20,2025-06,Norte,vid,pequeña,47.01,16.86,62.38,57.82,15061.4,6.5,bajo
P005,2025-06-14,2025-06,Sur,olivo,pequeña,7.58,27.23,80.98,48.85,18084.9,6.5,alto
P027,2025-06-02,2025-06,Norte,maiz,pequeña,52.64,21.2,70.17,55.76,,6.5,bajo
P014,2025-06-19,2025-06,Este,vid,pequeña,18.38,20.16,68.3,49.73,17544.8,6.5,alto
P033,2025-06-10,2025-06,Sur,trigo,grande,66.6,27.63,81.68,55.95,19161.4,6.5,bajo
P017,2025-06-28,2025-06,Sur,maiz,mediana,70.0,,64.96,57.4,19445.9,6.5,bajo
P030,2025-06-07,2025-06,Norte,maiz,grande,31.05,25.98,78.71,45.38,23446.6,6.5,medio
P017,2025-06-25,2025-06,Sur,maiz,mediana,68.36,17.24,63.07,63.79,16514.5,6.5,bajo
P024,2025-06-29,2025-06,Este,maiz,mediana,70.0,21.29,,62.17,21068.2,6.5,bajo
P012,2025-06-18,2025-06,Norte,olivo,mediana,69.6,19.47,67.02,61.19,17334.2,6.5,bajo
P013,2025-06-27,2025-06,Este,olivo,grande,62.47,18.65,65.46,60.56,19357.9,6.5,bajo
P001,2025-06-01,2025-06,Norte,vid,pequeña,24.98,21.04,69.96,57.39,23098.7,6.5,medio
P013,2025-06-01,2025-06,Este,olivo,grande,23.65,21.33,70.37,55.51,21752.2,6.5,medio
P038,2025-06-24,2025-06,Sur,maiz,pequeña,102.18,16.46,61.62,62.36,14468.1,6.5,medio
P016,2025-06-26,2025-06,Oeste,maiz,pequeña,43.5,17.16,62.68,63.21,16277.1,6.5,bajo
P026,2025-06-28,2025-06,Centro,maiz,mediana,56.32,19.98,68.02,50.24,21741.6,6.5,bajo
P026,2025-06-04,2025-06,Centro,maiz,mediana,37.15,23.94,74.77,52.0,21255.7,6.5,medio
P006,2025-06-23,2025-06,Norte,vid,grande,47.8,,61.82,55.88,15207.3,6.5,bajo
P016,2025-06-01,2025-06,Oeste,maiz,pequeña,43.0,20.69,69.21,55.37,21830.1,6.5,bajo
P005,2025-06-06,2025-06,Sur,olivo,pequeña,23.13,28.99,84.07,62.33,22670.8,6.5,medio
P032,2025-06-01,2025-06,Oeste,trigo,pequeña,48.06,24.09,75.45,49.22,23629.8,6.5,bajo
P018,2025-06-21,2025-06,Sur,maiz,pequeña,45.77,18.92,66.11,63.87,15921.3,6.5,bajo
P004,2025-06-01,2025-06,Centro,olivo,mediana,32.84,22.99,73.49,54.49,23634.9,6.5,medio
P039,2025-06-22,2025-06,Oeste,maiz,pequeña,47.36,18.44,65.14,59.66,14271.2,6.5,bajo
P007,2025-06-02,2025-06,Centro,olivo,mediana,16.57,23.57,74.49,53.43,22478.9,6.5,alto
P035,2025-06-07,2025-06,Norte,olivo,pequeña,61.32,26.41,79.61,52.3,22316.9,6.5,bajo
P034,2025-06-10,2025-06,Centro,trigo,mediana,49.24,26.07,79.08,48.96,23822.9,6.5,bajo
P009,2025-06-12,2025-06,Este,trigo,pequeña,44.05,24.03,75.25,43.8,,6.5,bajo
P003,2025-06-10,2025-06,Este,olivo,pequeña,16.8,29.08,84.25,49.63,,6.5,alto
P005,2025-06-12,2025-06,Sur,olivo,pequeña,10.56,26.94,80.5,56.72,20995.9,6.5,alto
P011,2025-06-01,2025-06,Este,olivo,grande,25.61,23.3,73.87,49.59,20967.7,6.5,medio
P038,2025-06-23,2025-06,Sur,maiz,pequeña,24.56,,61.24,52.86,,6.5,medio
P011,2025-06-27,2025-06,Este,olivo,grande,62.2,14.61,58.31,57.33,18138.8,6.5,bajo
P034,2025-06-30,2025-06,Centro,trigo,mediana,67.02,21.61,70.88,47.86,23457.2,6.5,bajo
P017,2025-06-20,2025-06,Sur,maiz,mediana,70.0,14.29,57.73,,15459.2,6.5,bajo
P023,2025-06-06,2025-06,Este,maiz,mediana,53.37,27.25,81.12,48.82,21794.7,6.5,bajo
P031,2025-06-19,2025-06,Sur,olivo,mediana,61.28,20.5,69.01,58.26,15072.2,6.5,bajo
P017,2025-06-16,2025-06,Sur,maiz,mediana,58.43,24.56,76.12,46.15,19178.5,6.5,bajo
P012,2025-06-09,2025-06,Norte,olivo,mediana,68.83,29.98,85.75,52.05,20488.8,6.5,bajo
P033,2025-06-04,2025-06,Sur,trigo,grande,54.22,27.72,81.66,47.92,22054.1,6.5,bajo
P006,2025-06-15,2025-06,Norte,vid,grande,21.4,24.44,76.02,45.83,17835.1,6.5,medio
P001,2025-06-29,2025-06,Norte,vid,pequeña,70.0,20.88,69.78,52.19,20797.1,6.5,bajo
P018,2025-06-07,2025-06,Sur,maiz,pequeña,34.68,27.78,82.05,41.21,25491.3,6.5,medio
P007,2025-06-14,2025-06,Centro,olivo,mediana,28.02,24.77,76.71,55.01,19147.7,6.4,medio
P037,2025-06-24,2025-06,Oeste,vid,pequeña,39.06,16.46,61.68,61.8,19164.6,6.5,medio
P006,2025-06-20,2025-06,Norte,vid,grande,22.03,15.76,60.27,60.76,18224.2,6.5,medio
P036,2025-06-09,2025-06,Este,vid,grande,43.73,29.54,85.1,41.51,21064.1,6.5,bajo
P006,2025-06-24,2025-06,Norte,vid,grande,46.69,15.82,60.59,49.51,17383.9,6.5,bajo
P018,2025-06-09,2025-06,Sur,maiz,pequeña,49.48,31.21,88.41,44.12,20778.7,6.5,bajo
P033,2025-06-09,2025-06,Sur,trigo,grande,67.05,28.51,83.36,60.65,21907.7,6.5,bajo
P024,2025-06-12,2025-06,Este,maiz,mediana,68.66,27.31,81.02,49.62,19680.8,6.5,bajo
P017,2025-06-12,2025-06,Sur,maiz,mediana,48.39,25.88,78.58,52.96,21415.9,6.5,bajo
P003,2025-06-14,2025-06,Este,olivo,pequeña,10.78,27.02,80.67,62.4,17661.7,6.5,alto
P033,2025-06-21,2025-06,Sur,trigo,grande,69.47,19.17,66.59,58.38,15538.1,6.5,bajo
P020,2025-06-18,2025-06,Norte,vid,pequeña,45.97,20.05,67.98,59.24,,6.5,bajo
P008,2025-06-25,2025-06,Sur,trigo,mediana,58.36,15.48,59.85,60.72,16949.8,6.5,bajo
P008,2025-06-05,2025-06,Sur,trigo,mediana,37.28,25.65,78.34,44.98,24363.9,6.5,medio
P032,2025-06-17,2025-06,Oeste,trigo,pequeña,42.02,21.64,70.87,49.94,16075.1,6.5,bajo
P005,2025-06-13,2025-06,Sur,olivo,pequeña,8.91,26.38,79.41,43.74,20662.4,6.5,alto
P039,2025-06-16,2025-06,Oeste,maiz,pequeña,32.76,23.08,73.39,56.82,20429.9,6.5,medio
P025,2025-06-13,2025-06,Este,maiz,mediana,-11.07,24.03,75.37,49.21,20440.1,6.5,bajo
P032,2025-06-11,2025-06,Oeste,trigo,pequeña,34.77,26.13,78.99,52.52,20473.5,6.5,medio
P007,2025-06-06,2025-06,Centro,olivo,mediana,24.87,24.82,76.81,53.39,21254.0,6.5,medio
P002,2025-06-12,2025-06,Sur,trigo,pequeña,38.92,,80.44,55.93,21211.1,6.5,medio
P004,2025-06-19,2025-06,Centro,olivo,mediana,68.52,20.17,68.2,47.9,16675.2,6.5,bajo
P029,2025-06-09,2025-06,Centro,maiz,grande,59.96,28.32,83.1,49.27,22964.5,6.5,bajo
P019,2025-06-29,2025-06,Este,vid,mediana,25.2,17.29,63.13,59.46,21747.2,6.5,bajo
P022,2025-06-21,2025-06,Centro,maiz,pequeña,48.26,17.21,62.93,54.31,16673.9,6.5,bajo
P034,2025-06-11,2025-06,Centro,trigo,mediana,46.49,28.23,82.84,47.42,23016.8,6.5,bajo
P039,2025-06-26,2025-06,Oeste,maiz,pequeña,65.79,15.86,60.54,61.29,15898.8,6.5,bajo
P017,2025-06-04,2025-06,Sur,maiz,mediana,54.89,22.98,73.37,58.33,22831.5,6.5,bajo
P016,2025-06-19,2025-06,Oeste,maiz,pequeña,45.29,19.6,67.19,63.27,18749.7,6.5,bajo
P001,2025-06-25,2025-06,Norte,vid,pequeña,70.0,17.21,62.79,56.88,17462.5,6.5,alto
P023,2025-06-01,2025-06,Este,maiz,mediana,40.48,20.02,68.03,57.29,20159.3,6.5,bajo
P023,2025-06-20,2025-06,Este,maiz,mediana,70.0,17.39,63.21,61.79,17100.6,6.5,bajo
P026,2025-06-03,2025-06,Centro,maiz,mediana,36.74,25.07,77.21,56.19,23579.4,6.5,medio
P034,2025-06-04,2025-06,Centro,trigo,mediana,32.86,26.91,80.47,48.89,22401.7,6.5,medio
P013,2025-06-07,2025-06,Este,olivo,grande,30.78,28.86,84.07,48.88,22933.0,6.5,medio
P028,2025-06-30,2025-06,Centro,olivo,pequeña,64.18,20.52,68.95,65.89,22724.9,6.5,bajo
P036,2025-06-03,2025-06,Este,vid,grande,20.82,22.32,72.16,53.41,22340.1,6.5,medio
P013,2025-06-24,2025-06,Este,olivo,grande,45.13,15.33,59.37,,14038.9,6.5,bajo
P016,2025-06-05,2025-06,Oeste,maiz,pequeña,37.99,26.85,80.35,55.53,22680.2,6.5,medio
P009,2025-06-25,2025-06,Este,trigo,pequeña,70.0,19.33,66.85,55.91,18441.7,6.5,bajo
P026,2025-06-11,2025-06,Centro,maiz,mediana,25.3,28.03,82.52,46.41,25537.8,6.5,medio
P033,2025-06-20,2025-06,Sur,trigo,grande,66.99,15.94,60.76,52.05,16751.5,6.5,bajo
P015,2025-06-25,2025-06,Centro,trigo,mediana,70.0,15.6,60.13,59.16,17164.4,6.5,bajo
P014,2025-06-06,2025-06,Este,vid,pequeña,30.84,26.82,80.18,45.3,24873.1,6.5,medio
P025,2025-06-22,2025-06,Este,maiz,mediana,51.54,16.14,61.03,65.52,18145.0,6.5,medio
P006,2025-06-27,2025-06,Norte,vid,grande,48.26,17.92,64.1,68.2,19867.2,6.5,bajo
P001,2025-06-19,2025-06,Norte,vid,pequeña,70.0,19.33,66.83,53.47,14759.4,6.5,bajo
P032,2025-06-19,2025-06,Oeste,trigo,pequeña,41.95,16.85,62.42,55.44,16842.3,6.5,bajo
P028,2025-06-05,2025-06,Centro,olivo,pequeña,43.14,28.5,83.33,47.11,23170.5,6.5,bajo
P020,2025-06-26,2025-06,Norte,vid,pequeña,47.82,15.07,59.09,58.76,17879.6,6.5,bajo
P003,2025-06-02,2025-06,Este,olivo,pequeña,27.93,24.72,76.54,54.66,22399.4,6.5,medio
P010,2025-06-03,2025-06,Norte,vid,grande,27.16,23.12,73.59,49.0,22446.3,6.5,medio
P038,2025-06-16,2025-06,Sur,maiz,pequeña,22.46,21.52,70.84,55.5,,6.5,medio
P010,2025-06-09,2025-06,Norte,vid,grande,26.27,29.59,85.37,49.01,22501.0,6.5,medio
P029,2025-06-02,2025-06,Centro,maiz,grande,40.56,22.47,72.22,49.13,23078.6,6.5,bajo
P013,2025-06-09,2025-06,Este,olivo,grande,37.28,32.01,89.68,45.76,25497.2,6.5,medio
P030,2025-06-17,2025-06,Norte,maiz,grande,62.53,19.87,67.74,58.52,16505.1,6.5,bajo
P034,2025-06-25,2025-06,Centro,trigo,mediana,70.0,18.31,64.94,60.64,12231.7,6.5,bajo
P029,2025-06-20,2025-06,Centro,maiz,grande,66.96,15.48,59.81,63.83,16881.8,6.5,bajo
P025,2025-06-01,2025-06,Este,maiz,mediana,42.6,22.97,73.53,55.56,22269.7,6.5,bajo
P028,2025-06-16,2025-06,Centro,olivo,pequeña,43.58,22.59,72.69,55.93,17983.1,6.5,bajo
P019,2025-06-08,2025-06,Este,vid,mediana,22.6,28.15,82.66,47.36,22809.1,6.5,medio
P030,2025-06-10,2025-06,Norte,maiz,grande,47.29,28.44,83.22,48.3,23133.1,6.5,bajo
P030,2025-06-30,2025-06,Norte,maiz,grande,60.19,,67.27,52.14,20692.7,6.5,bajo
P016,2025-06-07,2025-06,Oeste,maiz,pequeña,36.69,27.57,81.58,49.2,23973.1,6.5,medio
P014,2025-06-04,2025-06,Este,vid,pequeña,31.03,26.38,79.48,48.42,22997.0,6.5,medio
P023,2025-06-16,2025-06,Este,maiz,mediana,64.57,21.28,70.42,49.75,19157.2,6.5,alto
P031,2025-06-12,2025-06,Sur,olivo,mediana,69.87,26.04,78.91,53.7,22453.0,6.5,bajo
P033,2025-06-05,2025-06,Sur,trigo,grande,70.0,26.85,80.35,57.19,23565.3,6.5,bajo
P013,2025-06-16,2025-06,Este,olivo,grande,27.64,21.47,70.65,56.66,16880.8,6.5,medio
P014,2025-06-23,2025-06,Este,vid,pequeña,19.22,15.4,59.88,59.94,16452.9,6.5,alto
P003,2025-06-15,2025-06,Este,olivo,pequeña,11.22,22.05,71.61,49.01,17872.5,6.5,alto
P038,2025-06-12,2025-06,Sur,maiz,pequeña,26.26,24.37,75.91,53.4,,6.5,medio
P029,2025-06-23,2025-06,Centro,maiz,grande,67.07,17.74,64.11,60.39,17589.3,6.5,bajo
P017,2025-06-21,2025-06,Sur,maiz,mediana,69.49,18.35,65.24,58.0,16370.7,6.5,bajo
P032,2025-06-12,2025-06,Oeste,trigo,pequeña,33.16,27.47,81.5,,20554.6,6.5,medio
P021,2025-06-17,2025-06,Sur,maiz,mediana,70.0,19.92,68.01,62.49,15291.3,6.5,bajo
P004,2025-06-25,2025-06,Centro,olivo,mediana,66.27,15.68,60.18,62.33,20204.5,6.5,bajo
P014,2025-06-28,2025-06,Este,vid,pequeña,59.86,20.29,68.53,62.99,19394.5,6.5,bajo
P021,2025-06-02,2025-06,Sur,maiz,mediana,43.63,23.35,74.05,50.33,23436.5,6.5,bajo
P021,2025-06-05,2025-06,Sur,maiz,mediana,40.74,26.66,79.86,55.77,22018.5,6.5,bajo
P003,2025-06-30,2025-06,Este,olivo,pequeña,19.48,21.91,71.47,58.19,19624.2,6.5,alto
P039,2025-06-09,2025-06,Oeste,maiz,pequeña,37.64,27.81,82.06,44.79,24686.3,6.5,medio
P017,2025-06-19,2025-06,Sur,maiz,mediana,69.13,17.65,63.65,65.07,16988.2,6.5,bajo
P030,2025-06-06,2025-06,Norte,maiz,grande,34.2,27.07,80.71,51.19,26612.5,6.5,medio
P031,2025-06-27,2025-06,Sur,olivo,mediana,67.09,18.56,65.48,60.68,21276.0,6.5,medio
P034,2025-06-09,2025-06,Centro,trigo,mediana,49.16,28.21,82.68,47.91,,6.5,bajo
P001,2025-06-12,2025-06,Norte,vid,pequeña,47.64,22.95,73.39,59.89,25268.9,6.5,bajo
P014,2025-06-07,2025-06,Este,vid,pequeña,30.18,27.66,81.96,45.41,22391.8,6.5,medio
P026,2025-06-05,2025-06,Centro,maiz,mediana,35.57,27.49,81.59,48.65,24225.1,6.5,medio
P019,2025-06-16,2025-06,Este,vid,mediana,13.0,21.39,70.75,56.15,17595.3,6.5,alto
P002,2025-06-13,2025-06,Sur,trigo,pequeña,39.01,25.89,78.65,46.52,19359.9,6.5,medio
P006,2025-06-18,2025-06,Norte,vid,grande,19.91,20.13,68.06,56.25,19210.5,6.5,alto
P014,2025-06-27,2025-06,Este,vid,pequeña,59.09,17.98,64.41,56.03,20246.4,6.5,bajo
P020,2025-06-07,2025-06,Norte,vid,pequeña,37.24,29.21,84.43,48.43,24546.0,6.5,medio
P009,2025-06-28,2025-06,Este,trigo,pequeña,69.74,19.53,66.9,59.85,19587.6,6.5,bajo
P027,2025-06-28,2025-06,Norte,maiz,pequeña,58.76,18.12,64.69,55.09,22443.2,6.5,bajo
P015,2025-06-07,2025-06,Centro,trigo,mediana,50.86,28.8,83.77,62.27,22087.2,6.5,bajo
P024,2025-06-01,2025-06,Este,maiz,mediana,44.29,22.36,72.41,58.54,21644.0,6.5,bajo
P019,2025-06-05,2025-06,Este,vid,mediana,21.24,24.71,76.51,51.54,22043.5,6.5,medio
P038,2025-06-13,2025-06,Sur,maiz,pequeña,24.48,27.85,82.25,54.32,21326.0,6.5,medio
P023,2025-06-15,2025-06,Este,maiz,mediana,63.88,22.34,72.26,61.99,19882.5,6.5,bajo
P023,2025-06-30,2025-06,Este,maiz,mediana,68.62,21.62,70.81,59.75,21025.1,6.5,bajo
P036,2025-06-05,2025-06,Este,vid,grande,18.52,24.72,76.46,47.1,23310.2,6.5,alto
P040,2025-06-07,2025-06,Este,vid,mediana,29.05,27.65,81.78,52.37,23777.4,6.5,medio
P035,2025-06-13,2025-06,Norte,olivo,pequeña,65.98,24.31,75.71,43.43,21469.2,6.5,bajo
P035,2025-06-15,2025-06,Norte,olivo,pequeña,61.28,22.97,73.34,53.39,,6.5,bajo
P009,2025-06-18,2025-06,Este,trigo,pequeña,52.54,22.35,72.43,49.43,16955.1,6.5,bajo
P012,2025-06-06,2025-06,Norte,olivo,mediana,63.49,28.3,83.17,47.84,24443.0,6.5,bajo
P001,2025-06-16,2025-06,Norte,vid,pequeña,58.37,22.51,72.51,60.49,16855.9,6.5,bajo
P031,2025-06-02,2025-06,Sur,olivo,mediana,37.32,23.27,73.9,57.93,20672.2,6.5,medio
P011,2025-06-25,2025-06,Este,olivo,grande,57.68,14.98,58.93,62.38,18660.9,6.5,bajo
P021,2025-06-08,2025-06,Sur,maiz,mediana,69.3,30.02,86.2,43.71,24326.3,6.5,bajo
P036,2025-06-04,2025-06,Este,vid,grande,21.71,26.52,79.88,,21704.7,6.5,medio
P027,2025-06-11,2025-06,Norte,maiz,pequeña,46.92,25.21,77.42,51.07,22426.0,6.5,bajo
P008,2025-06-13,2025-06,Sur,trigo,mediana,36.15,23.93,75.19,49.87,20935.3,6.5,medio
P006,2025-06-30,2025-06,Norte,vid,grande,65.13,21.88,71.45,48.21,23812.7,6.5,bajo
P004,2025-06-10,2025-06,Centro,olivo,mediana,59.28,28.09,82.69,,21163.2,6.5,bajo
P018,2025-06-12,2025-06,Sur,maiz,pequeña,44.79,27.9,82.07,58.49,22769.6,6.5,bajo
P001,2025-06-23,2025-06,Norte,vid,pequeña,67.14,16.9,62.47,53.95,14388.8,6.5,bajo
P012,2025-06-27,2025-06,Norte,olivo,mediana,70.0,14.95,58.79,70.48,18143.9,6.5,bajo
P025,2025-06-14,2025-06,Este,maiz,mediana,50.11,20.28,68.39,59.37,18109.0,6.5,bajo
P037,2025-06-14,2025-06,Oeste,vid,pequeña,39.01,24.28,75.75,52.68,20828.6,6.5,medio
P038,2025-06-02,2025-06,Sur,maiz,pequeña,41.88,23.73,74.97,54.32,21493.7,6.5,bajo
P021,2025-06-12,2025-06,Sur,maiz,mediana,66.74,25.07,77.02,55.78,21875.4,6.5,bajo
P034,2025-06-20,2025-06,Centro,trigo,mediana,59.08,19.09,66.27,54.22,16544.3,6.5,bajo
P012,2025-06-11,2025-06,Norte,olivo,mediana,,26.92,80.47,,21472.4,6.5,bajo
P015,2025-06-12,2025-06,Centro,trigo,mediana,45.73,26.63,79.85,57.36,19688.5,6.5,bajo
P033,2025-06-02,2025-06,Sur,trigo,grande,39.24,21.68,71.1,56.17,22861.4,6.5,medio
P008,2025-06-08,2025-06,Sur,trigo,mediana,31.52,29.05,84.26,54.84,24364.0,6.5,medio
P007,2025-06-24,2025-06,Centro,olivo,mediana,40.85,16.8,62.43,68.66,16938.4,6.4,bajo
P031,2025-06-06,2025-06,Sur,olivo,mediana,33.36,26.33,79.57,57.95,24653.3,6.5,medio
P031,2025-06-23,2025-06,Sur,olivo,mediana,60.08,14.52,58.09,65.47,16566.2,6.5,bajo
P004,2025-06-04,2025-06,Centro,olivo,mediana,47.16,25.54,78.02,56.79,22781.0,6.5,bajo
P031,2025-06-11,2025-06,Sur,olivo,mediana,70.0,27.48,81.31,59.5,24525.5,6.5,bajo
P003,2025-06-09,2025-06,Este,olivo,pequeña,16.93,27.78,81.97,54.93,22084.2,6.5,alto
P030,2025-06-25,2025-06,Norte,maiz,grande,60.67,16.38,61.5,66.11,17791.2,6.5,bajo
P010,2025-06-15,2025-06,Norte,vid,grande,16.26,23.92,75.0,47.89,19732.1,6.5,alto
P024,2025-06-07,2025-06,Este,maiz,mediana,62.8,27.4,81.3,49.57,,6.5,bajo
P003,2025-06-26,2025-06,Este,olivo,pequeña,10.15,17.03,62.75,47.18,15822.2,6.5,alto
P015,2025-06-15,2025-06,Centro,trigo,mediana,48.9,21.65,70.96,60.69,17188.5,6.5,bajo
P027,2025-06-17,2025-06,Norte,maiz,pequeña,39.71,21.99,71.48,63.16,16173.2,6.5,medio
P006,2025-06-04,2025-06,Norte,vid,grande,32.15,29.49,85.27,49.76,23590.0,6.5,medio
P003,2025-06-16,2025-06,Este,olivo,pequeña,10.06,23.86,74.96,51.51,20085.9,6.5,alto
P035,2025-06-23,2025-06,Norte,olivo,pequeña,70.0,14.62,58.3,56.87,14409.2,6.5,bajo
P020,2025-06-11,2025-06,Norte,vid,pequeña,33.09,26.56,79.91,51.06,19564.7,6.5,medio
P015,2025-06-27,2025-06,Centro,trigo,mediana,70.0,15.24,59.61,64.91,16599.2,6.5,bajo
P024,2025-06-14,2025-06,Este,maiz,mediana,64.66,24.99,76.95,54.07,18002.6,6.5,bajo
P007,2025-06-09,2025-06,Centro,olivo,mediana,15.28,29.63,85.48,,23214.1,6.5,alto
P010,2025-06-02,2025-06,Norte,vid,grande,28.51,25.06,77.1,55.77,20880.6,6.5,medio
P008,2025-06-27,2025-06,Sur,trigo,mediana,59.04,21.03,69.79,49.85,16485.0,6.5,bajo
P017,2025-06-08,2025-06,Sur,maiz,mediana,51.56,25.72,78.35,47.64,23688.1,6.5,bajo
P039,2025-06-20,2025-06,Oeste,maiz,pequeña,47.86,17.36,63.36,64.02,14697.8,6.5,bajo
P019,2025-06-20,2025-06,Este,vid,mediana,10.11,15.02,58.96,65.36,13963.5,6.5,alto
P004,2025-06-28,2025-06,Centro,olivo,mediana,65.75,18.38,65.23,65.77,20672.6,6.5,bajo
P022,2025-06-08,2025-06,Centro,maiz,pequeña,58.86,27.26,81.03,51.71,22515.7,6.5,bajo
P038,2025-06-18,2025-06,Sur,maiz,pequeña,21.9,21.43,70.6,61.41,17203.4,6.5,medio
P026,2025-06-01,2025-06,Centro,maiz,mediana,35.38,26.1,78.94,63.45,22233.9,6.5,medio
P018,2025-06-03,2025-06,Sur,maiz,pequeña,41.52,23.51,74.28,,23085.0,6.5,alto
P022,2025-06-04,2025-06,Centro,maiz,pequeña,56.6,23.74,74.81,58.62,25464.0,6.5,bajo
P027,2025-06-06,2025-06,Norte,maiz,pequeña,51.51,26.86,80.33,48.22,23891.7,6.5,bajo
P034,2025-06-17,2025-06,Centro,trigo,mediana,56.2,21.34,70.4,62.06,17632.8,6.5,bajo
P029,2025-06-13,2025-06,Centro,maiz,grande,65.5,23.88,75.01,43.76,20061.1,6.5,bajo
P005,2025-06-07,2025-06,Sur,olivo,pequeña,21.04,26.76,80.18,53.4,23693.6,6.5,medio
P004,2025-06-27,2025-06,Centro,olivo,mediana,66.12,18.51,65.42,56.29,16852.1,6.5,bajo
P016,2025-06-24,2025-06,Oeste,maiz,pequeña,43.67,13.1,55.65,54.24,16226.6,6.5,bajo
P025,2025-06-21,2025-06,Este,maiz,mediana,52.25,16.12,60.9,58.87,16932.5,6.5,bajo
P034,2025-06-03,2025-06,Centro,trigo,mediana,34.3,25.98,78.68,49.66,22694.0,6.5,medio
P002,2025-06-28,2025-06,Sur,trigo,pequeña,47.77,20.25,68.17,57.47,21003.4,6.5,bajo
P021,2025-06-04,2025-06,Sur,maiz,mediana,42.56,26.04,78.78,58.06,25894.1,6.5,bajo
P027,2025-06-07,2025-06,Norte,maiz,pequeña,50.99,30.45,86.67,49.76,22193.8,6.5,bajo
P033,2025-06-11,2025-06,Sur,trigo,grande,64.93,26.0,78.73,49.2,20161.4,6.5,bajo
P022,2025-06-27,2025-06,Centro,maiz,pequeña,70.0,15.22,59.45,60.6,17592.1,6.5,bajo
P031,2025-06-03,2025-06,Sur,olivo,mediana,36.28,22.64,72.43,58.87,22329.3,6.5,medio
P031,2025-06-22,2025-06,Sur,olivo,mediana,57.86,19.41,66.96,50.29,15246.7,6.5,bajo
P004,2025-06-16,2025-06,Centro,olivo,mediana,68.77,22.85,73.17,53.2,16565.2,6.5,bajo
P022,2025-06-06,2025-06,Centro,maiz,pequeña,61.01,28.71,83.66,50.86,24841.0,6.5,bajo
P013,2025-06-10,2025-06,Este,olivo,grande,35.81,27.51,81.56,48.86,21386.4,6.5,medio
P009,2025-06-29,2025-06,Este,trigo,pequeña,69.08,18.02,64.35,59.52,18919.5,6.5,bajo
P022,2025-06-26,2025-06,Centro,maiz,pequeña,70.0,18.31,64.94,63.36,17886.0,6.5,bajo
P002,2025-06-17,2025-06,Sur,trigo,pequeña,34.05,20.04,67.83,,15821.4,6.5,medio
P012,2025-06-20,2025-06,Norte,olivo,mediana,70.0,16.64,61.92,56.16,13797.5,6.5,bajo
P026,2025-06-24,2025-06,Centro,maiz,mediana,56.36,15.8,60.42,58.27,,6.5,bajo
P007,2025-06-16,2025-06,Centro,olivo,mediana,25.8,21.28,70.43,52.8,16697.3,6.5,medio
P004,2025-06-13,2025-06,Centro,olivo,mediana,70.0,25.59,78.12,44.24,20623.7,6.5,bajo
P001,2025-06-05,2025-06,Norte,vid,pequeña,52.07,24.91,76.88,55.05,22612.0,6.5,bajo
P021,2025-06-20,2025-06,Sur,maiz,mediana,70.0,20.35,68.74,52.33,15426.4,6.5,bajo
P034,2025-06-01,2025-06,Centro,trigo,mediana,37.41,22.71,72.89,56.7,19994.8,6.5,medio
P002,2025-06-23,2025-06,Sur,trigo,pequeña,37.45,16.24,61.33,62.28,15902.8,6.5,medio
P009,2025-06-24,2025-06,Este,trigo,pequeña,70.0,17.02,62.64,64.85,16208.4,6.5,bajo
P037,2025-06-13,2025-06,Oeste,vid,pequeña,38.8,26.07,78.97,59.01,21919.9,6.5,medio
P015,2025-06-24,2025-06,Centro,trigo,mediana,61.23,14.34,57.86,59.58,18606.5,6.5,bajo
P033,2025-06-12,2025-06,Sur,trigo,grande,65.48,25.77,78.47,50.73,21318.1,6.5,bajo
P027,2025-06-03,2025-06,Norte,maiz,pequeña,51.65,23.04,73.54,48.68,21329.0,6.5,bajo
P029,2025-06-07,2025-06,Centro,maiz,grande,63.09,28.66,83.63,47.49,23528.6,6.5,medio
P024,2025-06-02,2025-06,Este,maiz,mediana,57.21,27.52,81.4,61.94,,6.5,bajo
P011,2025-06-05,2025-06,Este,olivo,grande,36.61,26.9,80.3,53.63,25535.8,6.5,medio
P012,2025-06-12,2025-06,Norte,olivo,mediana,63.7,26.09,78.98,57.24,21613.1,6.5,bajo
P029,2025-06-27,2025-06,Centro,maiz,grande,67.5,16.25,61.3,60.47,17889.4,6.5,bajo
P011,2025-06-14,2025-06,Este,olivo,grande,45.32,22.95,73.31,58.78,21022.7,6.5,bajo
P005,2025-06-30,2025-06,Sur,olivo,pequeña,22.03,20.51,68.95,52.25,20023.7,6.5,medio
P005,2025-06-05,2025-06,Sur,olivo,pequeña,23.69,28.47,83.26,51.66,25100.1,6.5,medio
P036,2025-06-13,2025-06,Este,vid,grande,35.66,25.87,78.45,49.64,20887.4,6.5,medio
P020,2025-06-05,2025-06,Norte,vid,pequeña,37.84,26.91,80.43,50.24,24957.6,6.5,medio
P024,2025-06-08,2025-06,Este,maiz,mediana,62.55,28.87,84.07,53.5,23281.9,6.5,bajo
P023,2025-06-05,2025-06,Este,maiz,mediana,-13.67,27.95,82.24,49.83,25002.0,6.5,bajo
P002,2025-06-21,2025-06,Sur,trigo,pequeña,34.62,14.47,58.07,45.3,14996.9,6.5,medio
P025,2025-06-07,2025-06,Este,maiz,mediana,34.92,28.1,82.62,39.17,23927.2,6.5,medio
P027,2025-06-20,2025-06,Norte,maiz,pequeña,41.18,16.14,60.99,64.93,18753.9,6.5,medio
P012,2025-06-24,2025-06,Norte,olivo,mediana,67.16,16.17,61.15,61.76,15034.4,6.5,bajo
P039,2025-06-13,2025-06,Oeste,maiz,pequeña,33.71,24.71,76.59,60.18,23169.8,6.5,medio
P005,2025-06-23,2025-06,Sur,olivo,pequeña,18.62,16.83,62.24,65.57,14717.3,6.5,alto
P016,2025-06-21,2025-06,Oeste,maiz,pequeña,44.94,16.12,61.02,58.44,13555.0,6.5,bajo
P022,2025-06-24,2025-06,Centro,maiz,pequeña,70.0,16.01,60.79,55.93,16942.7,6.5,bajo
P014,2025-06-10,2025-06,Este,vid,pequeña,24.84,28.92,84.13,54.28,22254.5,6.5,alto
P039,2025-06-14,2025-06,Oeste,maiz,pequeña,31.24,25.26,77.48,52.57,18933.0,6.5,medio
P032,2025-06-08,2025-06,Oeste,trigo,pequeña,43.09,27.9,82.26,,22430.9,6.5,bajo
P011,2025-06-21,2025-06,Este,olivo,grande,58.95,19.14,66.42,50.19,,6.5,bajo
P001,2025-06-20,2025-06,Norte,vid,pequeña,70.0,17.41,63.29,60.71,15512.3,6.5,bajo
P023,2025-06-25,2025-06,Este,maiz,mediana,69.49,17.48,63.51,62.17,17374.1,6.5,bajo
P002,2025-06-06,2025-06,Sur,trigo,pequeña,49.93,28.87,83.95,42.97,25376.6,6.5,bajo
P028,2025-06-15,2025-06,Centro,olivo,pequeña,43.87,25.43,77.86,59.06,,6.5,bajo
P017,2025-06-26,2025-06,Sur,maiz,mediana,68.3,14.32,57.78,57.53,17169.7,6.5,bajo
P028,2025-06-18,2025-06,Centro,olivo,pequeña,42.67,19.25,66.45,54.87,17559.0,6.5,bajo
P036,2025-06-21,2025-06,Este,vid,grande,33.4,16.41,61.64,57.09,15403.7,6.5,medio
P014,2025-06-18,2025-06,Este,vid,pequeña,19.83,19.16,66.49,54.05,18162.8,6.5,alto
P028,2025-06-08,2025-06,Centro,olivo,pequeña,39.85,26.46,79.65,55.27,22507.2,6.5,medio
P018,2025-06-28,2025-06,Sur,maiz,pequeña,70.0,17.73,63.96,56.75,17996.7,6.5,bajo
P026,2025-06-09,2025-06,Centro,maiz,mediana,30.17,25.37,77.69,63.74,21205.5,6.5,bajo
P036,2025-06-19,2025-06,Este,vid,grande,33.97,16.91,62.44,63.12,14150.6,6.5,medio
P030,2025-06-23,2025-06,Norte,maiz,grande,60.29,15.21,59.32,60.56,14291.8,6.5,bajo
P002,2025-06-09,2025-06,Sur,trigo,pequeña,44.04,27.75,82.12,,22870.3,6.5,bajo
P006,2025-06-26,2025-06,Norte,vid,grande,48.07,16.54,61.69,60.14,15225.5,6.5,bajo
P009,2025-06-06,2025-06,Este,trigo,pequeña,51.53,24.62,76.37,46.96,26766.4,6.5,bajo
P028,2025-06-01,2025-06,Centro,olivo,pequeña,21.42,21.52,70.7,60.09,21483.7,6.5,medio
P037,2025-06-05,2025-06,Oeste,vid,pequeña,30.06,25.13,77.19,52.32,24311.3,6.5,medio
P036,2025-06-28,2025-06,Este,vid,grande,31.2,17.71,63.9,59.63,,6.5,alto
P027,2025-06-05,2025-06,Norte,maiz,pequeña,50.47,26.51,79.68,55.6,23656.0,6.5,bajo
P040,2025-06-15,2025-06,Este,vid,mediana,43.98,21.83,71.2,56.82,15900.8,6.5,bajo
P017,2025-06-10,2025-06,Sur,maiz,mediana,50.79,28.1,82.55,50.21,23953.3,6.5,bajo
P006,2025-06-05,2025-06,Norte,vid,grande,30.16,25.69,78.3,53.69,22255.0,6.5,medio
P022,2025-06-09,2025-06,Centro,maiz,pequeña,57.53,27.98,82.49,37.83,,6.5,bajo
P023,2025-06-03,2025-06,Este,maiz,mediana,59.14,23.89,75.09,45.08,24080.8,6.5,bajo
P029,2025-06-14,2025-06,Centro,maiz,grande,65.3,22.74,73.0,50.13,19000.3,6.5,bajo
P010,2025-06-18,2025-06,Norte,vid,grande,13.9,20.76,69.4,53.23,14815.6,6.5,alto
P021,2025-06-26,2025-06,Sur,maiz,mediana,70.0,15.17,59.38,59.06,18236.9,6.5,bajo
P040,2025-06-30,2025-06,Este,vid,mediana,68.26,19.86,67.65,50.47,,6.5,bajo
P023,2025-06-26,2025-06,Este,maiz,mediana,70.0,16.82,62.24,65.85,,6.5,bajo
P030,2025-06-03,2025-06,Norte,maiz,grande,36.85,22.84,73.25,47.37,23079.2,6.5,medio
P019,2025-06-30,2025-06,Este,vid,mediana,25.01,21.6,70.84,48.32,20323.8,6.5,medio
P039,2025-06-04,2025-06,Oeste,maiz,pequeña,44.43,27.19,81.01,,24590.6,6.5,bajo
P025,2025-06-15,2025-06,Este,maiz,mediana,58.71,25.0,77.1,56.83,20920.5,6.5,bajo
P027,2025-06-13,2025-06,Norte,maiz,pequeña,46.1,26.62,79.86,50.18,19494.1,6.5,bajo
P001,2025-06-18,2025-06,Norte,vid,pequeña,58.35,16.88,62.59,55.18,14620.8,6.5,bajo
P005,2025-06-08,2025-06,Sur,olivo,pequeña,18.92,26.73,80.2,50.89,22939.9,6.5,alto
P011,2025-06-23,2025-06,Este,olivo,grande,58.34,14.78,58.42,62.2,,6.5,bajo
P009,2025-06-16,2025-06,Este,trigo,pequeña,49.98,23.31,73.95,49.93,20870.2,6.5,bajo
P032,2025-06-14,2025-06,Oeste,trigo,pequeña,31.37,23.53,74.35,59.6,19313.0,6.5,medio
P040,2025-06-10,2025-06,Este,vid,mediana,27.79,24.04,75.26,54.64,22139.9,6.5,medio
P007,2025-06-11,2025-06,Centro,olivo,mediana,12.43,27.76,82.15,48.88,23782.1,6.5,alto
P004,2025-06-26,2025-06,Centro,olivo,mediana,66.32,16.34,61.37,60.08,16778.9,6.5,bajo
P040,2025-06-04,2025-06,Este,vid,mediana,33.24,22.94,73.46,46.4,22598.9,6.5,medio
P030,2025-06-19,2025-06,Norte,maiz,grande,62.61,19.72,67.42,59.65,14835.0,6.5,bajo
P021,2025-06-07,2025-06,Sur,maiz,mediana,55.08,25.5,77.96,50.98,22443.7,6.5,bajo
P007,2025-06-01,2025-06,Centro,olivo,mediana,17.72,21.72,71.01,58.7,22557.6,6.5,alto
P011,2025-06-02,2025-06,Este,olivo,grande,25.48,24.31,75.89,52.74,21344.4,6.5,medio
P017,2025-06-17,2025-06,Sur,maiz,mediana,70.0,21.12,70.15,60.46,,6.5,bajo
P012,2025-06-19,2025-06,Norte,olivo,mediana,70.0,16.8,62.18,58.95,17022.4,6.5,bajo
P035,2025-06-16,2025-06,Norte,olivo,pequeña,60.39,21.34,70.4,57.38,17102.1,6.5,bajo
P033,2025-06-23,2025-06,Sur,trigo,grande,70.0,17.44,63.25,55.82,16778.2,6.5,bajo
P025,2025-06-25,2025-06,Este,maiz,mediana,53.34,18.07,64.68,53.65,17110.2,6.5,bajo
P039,2025-06-12,2025-06,Oeste,maiz,pequeña,34.71,25.84,78.37,51.72,19205.7,6.4,medio
P018,2025-06-08,2025-06,Sur,maiz,pequeña,52.21,29.78,85.48,44.48,21516.4,6.5,bajo
P013,2025-06-13,2025-06,Este,olivo,grande,30.11,26.63,79.77,50.92,19829.5,6.5,medio
P002,2025-06-16,2025-06,Sur,trigo,pequeña,35.16,24.08,75.52,59.71,16712.6,6.5,medio
P016,2025-06-27,2025-06,Oeste,maiz,pequeña,43.67,19.57,67.37,54.19,19450.7,6.5,bajo
P006,2025-06-08,2025-06,Norte,vid,grande,27.4,28.69,83.4,49.19,25180.7,6.5,medio
P035,2025-06-27,2025-06,Norte,olivo,pequeña,69.97,18.05,64.53,59.2,19802.5,6.5,bajo
P006,2025-06-22,2025-06,Norte,vid,grande,40.36,15.15,59.31,68.99,16566.1,6.5,bajo
P001,2025-06-17,2025-06,Norte,vid,pequeña,58.91,22.07,71.75,51.55,13246.9,6.5,bajo
P018,2025-06-02,2025-06,Sur,maiz,pequeña,41.3,23.25,74.05,45.22,23004.8,6.5,bajo
P002,2025-06-19,2025-06,Sur,trigo,pequeña,35.09,14.99,59.09,60.45,16477.0,6.5,medio
P007,2025-06-12,2025-06,Centro,olivo,mediana,29.78,25.59,78.01,59.15,23306.8,6.5,medio
P019,2025-06-07,2025-06,Este,vid,mediana,22.22,26.28,79.38,48.9,23736.5,6.5,medio
P018,2025-06-06,2025-06,Sur,maiz,pequeña,36.09,27.74,81.91,40.36,,6.5,medio
P033,2025-06-18,2025-06,Sur,trigo,grande,70.0,21.15,70.19,57.21,19846.3,6.5,bajo
P032,2025-06-09,2025-06,Oeste,trigo,pequeña,41.46,29.35,84.87,45.53,20380.7,6.5,medio
P028,2025-06-19,2025-06,Centro,olivo,pequeña,62.63,17.84,64.14,58.47,17113.1,6.5,bajo
P033,2025-06-24,2025-06,Sur,trigo,grande,70.0,,64.45,58.9,17925.5,6.5,bajo
P017,2025-06-01,2025-06,Sur,maiz,mediana,44.41,23.44,74.15,53.06,26212.7,6.5,bajo
P038,2025-06-19,2025-06,Sur,maiz,pequeña,23.06,16.99,62.54,63.79,18706.6,6.5,medio
P010,2025-06-14,2025-06,Norte,vid,grande,16.64,25.88,78.49,51.87,19255.3,6.5,alto
P035,2025-06-10,2025-06,Norte,olivo,pequeña,70.0,26.28,79.11,57.43,24372.2,6.5,bajo
P027,2025-06-18,2025-06,Norte,maiz,pequeña,40.16,20.55,69.06,57.75,16528.4,6.5,bajo
P032,2025-06-10,2025-06,Oeste,trigo,pequeña,38.95,29.3,84.7,45.9,23931.8,6.5,medio
P008,2025-06-16,2025-06,Sur,trigo,mediana,53.7,22.05,71.76,59.14,18466.4,6.5,bajo
P001,2025-06-27,2025-06,Norte,vid,pequeña,,14.59,58.21,59.36,19902.1,6.5,bajo
P010,2025-06-13,2025-06,Norte,vid,grande,17.71,25.94,78.81,55.13,20652.3,6.5,alto
P039,2025-06-10,2025-06,Oeste,maiz,pequeña,-6.27,26.38,79.68,50.01,21708.5,6.5,medio
P015,2025-06-18,2025-06,Centro,trigo,mediana,51.09,18.66,65.32,63.5,17064.3,6.5,bajo
P039,2025-06-28,2025-06,Oeste,maiz,pequeña,66.99,20.23,68.42,65.72,16466.1,6.5,bajo
P013,2025-06-05,2025-06,Este,olivo,grande,34.97,24.07,75.41,53.95,25525.7,6.5,medio
P008,2025-06-20,2025-06,Sur,trigo,mediana,55.24,16.29,61.34,55.2,15883.2,6.5,bajo
P002,2025-06-08,2025-06,Sur,trigo,pequeña,46.44,27.3,81.1,48.94,24804.0,6.5,alto
P023,2025-06-10,2025-06,Este,maiz,mediana,70.0,27.76,82.11,51.51,22785.3,6.5,bajo
P025,2025-06-30,2025-06,Este,maiz,mediana,,20.59,69.11,54.96,21437.3,6.5,bajo
P040,2025-06-11,2025-06,Este,vid,mediana,47.14,27.0,80.45,46.37,22569.8,6.5,bajo
P013,2025-06-15,2025-06,Este,olivo,grande,123.32,22.06,71.75,54.89,16645.5,6.5,medio
P016,2025-06-20,2025-06,Oeste,maiz,pequeña,45.93,17.29,63.26,66.16,15645.0,6.5,bajo
P030,2025-06-13,2025-06,Norte,maiz,grande,54.47,22.78,73.07,56.69,20074.7,6.5,bajo
P040,2025-06-12,2025-06,Este,vid,mediana,45.55,29.51,85.15,42.78,21855.4,6.5,bajo
P023,2025-06-28,2025-06,Este,maiz,mediana,68.41,17.39,63.37,62.55,22977.3,6.5,bajo
P002,2025-06-03,2025-06,Sur,trigo,pequeña,38.26,22.28,72.04,53.94,23889.8,6.5,medio
P034,2025-06-21,2025-06,Centro,trigo,mediana,61.07,17.6,63.71,57.04,,6.5,bajo
P040,2025-06-06,2025-06,Este,vid,mediana,30.48,27.74,81.98,47.81,26105.1,6.5,medio
P007,2025-06-15,2025-06,Centro,olivo,mediana,27.81,23.24,73.76,46.81,21242.6,6.5,medio
P037,2025-06-26,2025-06,Oeste,vid,pequeña,41.28,17.22,63.01,59.97,19819.1,6.5,bajo
P038,2025-06-04,2025-06,Sur,maiz,pequeña,36.67,25.0,77.14,52.5,25774.5,6.5,medio
P036,2025-06-14,2025-06,Este,vid,grande,34.42,27.15,80.78,46.31,19541.0,6.5,medio
P017,2025-06-24,2025-06,Sur,maiz,mediana,69.06,12.71,54.91,61.05,18449.4,6.5,bajo
P031,2025-06-16,2025-06,Sur,olivo,mediana,65.43,23.92,74.95,53.73,,6.5,bajo
P033,2025-06-17,2025-06,Sur,trigo,grande,69.11,22.16,71.78,59.17,19598.7,6.5,bajo
P040,2025-06-13,2025-06,Este,vid,mediana,46.03,25.13,77.41,53.66,19442.1,6.5,bajo
P037,2025-06-08,2025-06,Oeste,vid,pequeña,23.76,30.51,86.81,41.78,21948.5,6.5,medio
P027,2025-06-21,2025-06,Norte,maiz,pequeña,44.7,17.51,63.52,58.57,14866.1,6.5,bajo
P020,2025-06-10,2025-06,Norte,vid,pequeña,33.32,29.16,84.42,46.48,24354.8,6.5,medio
P006,2025-06-11,2025-06,Norte,vid,grande,22.56,27.12,80.81,47.39,24724.5,6.5,medio
P023,2025-06-21,2025-06,Este,maiz,mediana,70.0,18.19,64.79,61.41,16241.1,6.5,bajo
P040,2025-06-28,2025-06,Este,vid,mediana,69.0,17.91,64.22,52.08,19810.3,6.5,bajo
P006,2025-06-13,2025-06,Norte,vid,grande,20.53,27.01,80.81,52.15,17254.7,6.5,medio
P028,2025-06-12,2025-06,Centro,olivo,pequeña,35.38,27.0,80.65,42.33,21079.1,6.5,medio
P024,2025-06-16,2025-06,Este,maiz,mediana,69.37,22.54,72.49,54.57,19680.9,6.5,bajo
P034,2025-06-19,2025-06,Centro,trigo,mediana,58.7,17.99,64.36,63.61,15850.1,6.5,bajo
P030,2025-06-08,2025-06,Norte,maiz,grande,30.99,25.47,78.0,61.37,23112.8,6.5,medio
P030,2025-06-26,2025-06,Norte,maiz,grande,60.73,16.92,62.57,47.34,17661.8,6.5,bajo
P031,2025-06-14,2025-06,Sur,olivo,mediana,66.64,24.41,75.82,60.82,19993.6,6.5,bajo
P040,2025-06-29,2025-06,Este,vid,mediana,68.19,20.79,69.49,51.23,19780.7,6.5,bajo
P006,2025-06-03,2025-06,Norte,vid,grande,34.36,20.89,69.59,64.9,26102.8,6.5,medio
P033,2025-06-19,2025-06,Sur,trigo,grande,68.46,16.57,61.95,58.78,17290.6,6.5,bajo
P034,2025-06-13,2025-06,Centro,trigo,mediana,55.65,24.51,76.22,56.24,21930.9,6.5,bajo
P017,2025-06-30,2025-06,Sur,maiz,mediana,70.0,21.34,70.47,,19202.0,6.5,bajo
P004,2025-06-22,2025-06,Centro,olivo,mediana,66.47,16.5,61.61,62.1,16341.3,6.5,bajo
P008,2025-06-17,2025-06,Sur,trigo,mediana,54.29,19.58,67.21,59.54,18002.5,6.5,bajo
P033,2025-06-26,2025-06,Sur,trigo,grande,70.0,16.92,62.41,64.71,16143.4,6.5,bajo
P029,2025-06-12,2025-06,Centro,maiz,grande,65.56,24.11,75.46,65.58,20789.0,6.5,bajo
P004,2025-06-14,2025-06,Centro,olivo,mediana,70.0,22.13,71.89,58.39,22404.2,6.5,bajo
P015,2025-06-02,2025-06,Centro,trigo,mediana,110.95,21.54,70.94,48.45,23442.6,6.5,bajo
P014,2025-06-30,2025-06,Este,vid,pequeña,57.26,19.37,67.1,71.05,20173.1,6.5,bajo
P021,2025-06-25,2025-06,Sur,maiz,mediana,70.0,16.9,62.3,55.33,,6.5,bajo
P020,2025-06-17,2025-06,Norte,vid,pequeña,46.65,20.77,69.31,50.86,,6.5,bajo
P036,2025-06-11,2025-06,Este,vid,grande,40.35,29.77,85.61,42.01,21200.0,6.5,bajo
P031,2025-06-20,2025-06,Sur,olivo,mediana,60.53,18.97,66.18,52.86,14469.6,6.5,bajo
P023,2025-06-13,2025-06,Este,maiz,mediana,63.59,27.57,81.63,50.8,19972.9,6.5,bajo
P004,2025-06-30,2025-06,Centro,olivo,mediana,63.02,18.42,65.22,55.08,19842.1,6.5,bajo
P002,2025-06-24,2025-06,Sur,trigo,pequeña,37.91,14.43,58.14,53.43,17252.5,6.5,medio
P006,2025-06-02,2025-06,Norte,vid,grande,22.78,23.43,74.22,40.78,22640.0,6.5,medio
P014,2025-06-14,2025-06,Este,vid,pequeña,20.28,24.36,75.85,52.97,21016.9,6.5,medio
P040,2025-06-19,2025-06,Este,vid,mediana,44.09,18.31,64.93,62.93,16422.0,6.5,bajo
P007,2025-06-28,2025-06,Centro,olivo,mediana,69.91,19.51,66.89,60.25,,6.5,bajo
P038,2025-06-25,2025-06,Sur,maiz,pequeña,37.43,,58.74,67.84,,6.5,medio
P022,2025-06-29,2025-06,Centro,maiz,pequeña,69.16,19.3,66.69,57.4,20454.4,6.5,bajo
P037,2025-06-17,2025-06,Oeste,vid,pequeña,35.11,22.18,72.13,54.23,18405.3,6.5,medio
P008,2025-06-23,2025-06,Sur,trigo,mediana,57.04,15.0,58.79,65.19,16287.2,6.5,bajo
P001,2025-06-09,2025-06,Norte,vid,pequeña,48.75,25.38,77.83,48.3,24910.1,6.5,bajo
P006,2025-06-10,2025-06,Norte,vid,grande,22.25,29.07,84.46,50.03,21644.2,6.5,medio
P002,2025-06-07,2025-06,Sur,trigo,pequeña,47.12,27.7,81.79,46.37,25360.3,6.5,bajo
P016,2025-06-03,2025-06,Oeste,maiz,pequeña,41.8,25.36,77.71,52.73,24704.8,6.5,bajo
P022,2025-06-22,2025-06,Centro,maiz,pequeña,48.21,15.31,59.49,61.48,14761.7,6.5,bajo
P009,2025-06-14,2025-06,Este,trigo,pequeña,50.32,25.1,77.24,55.26,18433.4,6.5,bajo
P011,2025-06-04,2025-06,Este,olivo,grande,24.26,25.36,77.65,63.5,22305.9,6.5,medio
P030,2025-06-27,2025-06,Norte,maiz,grande,61.44,20.44,68.84,61.56,20670.2,6.5,bajo
P035,2025-06-29,2025-06,Norte,olivo,pequeña,70.0,21.26,70.21,60.02,21687.3,6.5,bajo
P030,2025-06-11,2025-06,Norte,maiz,grande,56.37,31.64,88.9,,23744.3,6.5,bajo
P020,2025-06-02,2025-06,Norte,vid,pequeña,21.05,19.92,67.79,61.19,26047.8,6.5,bajo
P021,2025-06-24,2025-06,Sur,maiz,mediana,70.0,15.23,59.54,45.05,17743.7,6.5,bajo
P039,2025-06-05,2025-06,Oeste,maiz,pequeña,42.21,25.72,78.33,49.33,26642.9,6.5,bajo
P035,2025-06-11,2025-06,Norte,olivo,pequeña,68.95,27.01,80.75,51.87,22764.0,6.5,bajo
P039,2025-06-06,2025-06,Oeste,maiz,pequeña,41.51,24.48,76.17,55.79,26263.6,6.5,bajo
P009,2025-06-23,2025-06,Este,trigo,pequeña,63.14,16.11,60.93,55.12,15092.5,6.5,bajo
P021,2025-06-11,2025-06,Sur,maiz,mediana,68.02,26.9,80.34,54.25,23078.3,6.5,bajo
P010,2025-06-28,2025-06,Norte,vid,grande,24.37,19.49,67.08,59.21,20854.2,6.5,medio
P033,2025-06-30,2025-06,Sur,trigo,grande,70.0,21.98,71.53,48.26,20960.2,6.5,bajo
P014,2025-06-25,2025-06,Este,vid,pequeña,41.5,18.0,64.29,59.8,18055.4,6.5,bajo
P006,2025-06-01,2025-06,Norte,vid,grande,22.67,23.4,74.02,52.82,21683.9,6.5,medio
P032,2025-06-16,2025-06,Oeste,trigo,pequeña,28.4,20.5,68.74,,18282.6,6.5,medio
P016,2025-06-23,2025-06,Oeste,maiz,pequeña,45.2,19.78,67.76,64.66,18820.7,6.5,bajo
P032,2025-06-23,2025-06,Oeste,trigo,pequeña,43.26,14.67,58.34,52.18,17925.7,6.5,bajo
P033,2025-06-28,2025-06,Sur,trigo,grande,69.0,16.33,61.36,66.13,17068.6,6.5,bajo
P026,2025-06-29,2025-06,Centro,maiz,mediana,53.72,16.14,61.08,,22529.6,6.5,bajo
P022,2025-06-11,2025-06,Centro,maiz,pequeña,56.31,30.62,87.28,49.72,23418.0,6.5,bajo
P040,2025-06-20,2025-06,Este,vid,mediana,60.4,17.39,63.24,60.15,16645.4,6.5,bajo
P039,2025-06-03,2025-06,Oeste,maiz,pequeña,44.8,25.65,78.34,54.26,22445.3,6.5,bajo
P019,2025-06-11,2025-06,Este,vid,mediana,17.5,27.94,82.2,40.36,19175.8,6.5,alto
P022,2025-06-10,2025-06,Centro,maiz,pequeña,57.51,28.68,83.62,44.83,24302.0,6.5,bajo
P032,2025-06-06,2025-06,Oeste,trigo,pequeña,48.84,26.78,80.16,52.95,25761.7,6.5,bajo
P031,2025-06-29,2025-06,Sur,olivo,mediana,65.0,22.24,71.98,62.1,21063.1,6.5,bajo
P017,2025-06-09,2025-06,Sur,maiz,mediana,,29.02,84.09,44.2,23602.7,6.5,bajo
P028,2025-06-10,2025-06,Centro,olivo,pequeña,37.57,29.13,84.33,46.02,20452.7,6.5,medio
P024,2025-06-21,2025-06,Este,maiz,mediana,65.64,17.36,63.1,51.58,17412.6,6.5,bajo
P037,2025-06-01,2025-06,Oeste,vid,pequeña,21.88,20.61,69.3,51.61,21059.9,6.5,medio
P005,2025-06-28,2025-06,Sur,olivo,pequeña,22.29,18.21,64.66,57.23,19359.8,6.5,medio
P005,2025-06-27,2025-06,Sur,olivo,pequeña,22.57,18.16,64.9,53.28,16923.0,6.5,medio
P040,2025-06-05,2025-06,Este,vid,mediana,30.56,28.0,82.41,51.95,20530.0,6.5,medio
P033,2025-06-03,2025-06,Sur,trigo,grande,56.22,24.74,76.54,53.09,22208.3,6.5,bajo
P012,2025-06-16,2025-06,Norte,olivo,mediana,70.0,19.1,66.27,65.71,19562.4,6.5,bajo
P014,2025-06-13,2025-06,Este,vid,pequeña,19.65,27.38,81.38,49.91,20619.0,6.5,alto
P032,2025-06-02,2025-06,Oeste,trigo,pequeña,48.35,25.06,77.11,50.22,20832.5,6.5,bajo
P032,2025-06-25,2025-06,Oeste,trigo,pequeña,42.09,16.61,61.91,53.56,16610.1,6.5,bajo
P038,2025-06-15,2025-06,Sur,maiz,pequeña,23.16,23.25,73.51,59.86,18611.7,6.5,medio
P022,2025-06-30,2025-06,Centro,maiz,pequeña,68.9,22.72,72.99,54.38,22914.8,6.5,bajo
P016,2025-06-14,2025-06,Oeste,maiz,pequeña,28.02,23.86,74.78,,20037.7,6.5,medio
P007,2025-06-07,2025-06,Centro,olivo,mediana,22.48,28.28,82.82,53.45,25764.2,6.5,medio
P021,2025-06-09,2025-06,Sur,maiz,mediana,121.83,28.52,83.31,41.61,24743.8,6.5,bajo
P005,2025-06-24,2025-06,Sur,olivo,pequeña,20.24,16.9,62.53,58.27,17681.0,6.5,medio
P026,2025-06-02,2025-06,Centro,maiz,mediana,36.14,25.98,78.67,52.65,24462.2,6.5,medio
P033,2025-06-22,2025-06,Sur,trigo,grande,69.62,14.91,58.84,62.23,16333.6,6.5,bajo
P007,2025-06-18,2025-06,Centro,olivo,mediana,25.85,19.99,67.96,52.72,14943.8,6.5,medio
P030,2025-06-14,2025-06,Norte,maiz,grande,65.01,24.55,76.02,44.87,19394.0,6.5,bajo
P010,2025-06-10,2025-06,Norte,vid,grande,23.48,26.68,80.01,51.37,23976.6,6.5,medio
P010,2025-06-24,2025-06,Norte,vid,grande,12.44,15.05,59.0,59.31,16021.0,6.5,alto
P037,2025-06-09,2025-06,Oeste,vid,pequeña,20.91,29.18,84.61,40.64,24350.0,6.5,medio
P014,2025-06-11,2025-06,Este,vid,pequeña,22.64,29.5,,47.78,20998.5,6.5,medio
P005,2025-06-03,2025-06,Sur,olivo,pequeña,24.83,21.17,70.1,54.86,23226.6,6.5,bajo
P007,2025-06-23,2025-06,Centro,olivo,mediana,42.2,12.99,55.44,57.0,18256.0,6.5,bajo
P028,2025-06-26,2025-06,Centro,olivo,pequeña,65.65,14.46,58.12,64.52,18828.9,6.5,bajo
P009,2025-06-07,2025-06,Este,trigo,pequeña,49.65,26.08,78.89,38.31,23153.6,6.5,bajo
P038,2025-06-30,2025-06,Sur,maiz,pequeña,40.88,21.83,71.36,52.2,,6.5,bajo
P013,2025-06-25,2025-06,Este,olivo,grande,45.49,17.94,64.33,59.23,18518.7,6.5,bajo
P029,2025-06-15,2025-06,Centro,maiz,grande,66.31,22.12,71.81,54.13,19120.0,6.5,bajo
P008,2025-06-10,2025-06,Sur,trigo,mediana,28.36,28.81,83.68,48.46,23665.8,6.5,medio
P022,2025-06-12,2025-06,Centro,maiz,pequeña,56.62,26.43,79.58,55.64,21354.4,6.5,bajo
P001,2025-06-02,2025-06,Norte,vid,pequeña,,23.72,74.64,54.01,22987.6,6.5,bajo
P004,2025-06-23,2025-06,Centro,olivo,mediana,66.14,15.74,60.43,56.36,16476.1,6.5,bajo
P024,2025-06-09,2025-06,Este,maiz,mediana,62.35,28.6,83.66,48.71,25449.8,6.5,alto
P032,2025-06-22,2025-06,Oeste,trigo,pequeña,44.96,17.72,63.88,55.43,13724.6,6.5,bajo
P036,2025-06-29,2025-06,Este,vid,grande,31.72,17.92,64.26,48.92,19655.7,6.5,medio
P015,2025-06-22,2025-06,Centro,trigo,mediana,61.5,14.71,58.53,57.98,17576.6,6.5,bajo
P023,2025-06-04,2025-06,Este,maiz,mediana,57.52,24.05,75.34,57.9,,6.5,bajo
P040,2025-06-27,2025-06,Este,vid,mediana,70.0,17.31,63.19,61.13,20220.0,6.5,bajo
P011,2025-06-18,2025-06,Este,olivo,grande,44.16,17.85,64.08,64.67,13640.6,6.5,bajo
P022,2025-06-19,2025-06,Centro,maiz,pequeña,47.17,16.7,62.09,61.87,16380.9,6.5,bajo
P024,2025-06-20,2025-06,Este,maiz,mediana,68.16,18.68,65.64,62.12,14320.4,6.5,bajo
P033,2025-06-13,2025-06,Sur,trigo,grande,63.75,25.63,,54.04,22088.0,6.5,bajo
P021,2025-06-28,2025-06,Sur,maiz,mediana,70.0,20.31,68.39,54.07,18427.9,6.5,bajo
P022,2025-06-03,2025-06,Centro,maiz,pequeña,39.77,23.3,74.0,59.82,25143.3,6.5,medio
P040,2025-06-02,2025-06,Este,vid,mediana,34.39,22.85,73.1,57.42,26071.1,6.5,medio
P037,2025-06-27,2025-06,Oeste,vid,pequeña,41.95,18.21,64.79,60.16,17178.0,6.5,bajo
P027,2025-06-16,2025-06,Norte,maiz,pequeña,42.41,21.06,69.98,59.33,17930.8,6.5,bajo
P022,2025-06-16,2025-06,Centro,maiz,pequeña,50.02,20.59,69.31,59.07,17614.3,6.5,bajo
P034,2025-06-23,2025-06,Centro,trigo,mediana,59.97,15.96,60.76,57.36,15865.7,6.5,bajo
P019,2025-06-17,2025-06,Este,vid,mediana,,20.71,69.2,63.57,14694.5,6.5,alto
P023,2025-06-22,2025-06,Este,maiz,mediana,69.39,17.83,63.97,57.07,17817.5,6.5,bajo
P020,2025-06-08,2025-06,Norte,vid,pequeña,36.62,29.18,84.49,57.7,24465.1,6.5,medio
P018,2025-06-15,2025-06,Sur,maiz,pequeña,40.47,21.46,70.76,47.39,17774.1,6.5,bajo
P036,2025-06-10,2025-06,Este,vid,grande,42.86,27.9,82.27,50.44,23838.8,6.5,bajo
P019,2025-06-01,2025-06,Este,vid,mediana,25.11,23.6,74.5,55.45,22459.1,6.5,medio
P025,2025-06-29,2025-06,Este,maiz,mediana,53.42,21.18,69.92,56.38,21382.0,6.5,bajo
P037,2025-06-30,2025-06,Oeste,vid,pequeña,36.19,20.83,69.4,62.31,21585.3,6.5,medio
P017,2025-06-05,2025-06,Sur,maiz,mediana,54.16,28.24,82.92,52.5,23139.9,6.5,bajo
P004,2025-06-06,2025-06,Centro,olivo,mediana,46.13,27.67,81.85,62.21,25112.0,6.5,bajo
P035,2025-06-01,2025-06,Norte,olivo,pequeña,38.05,22.5,72.45,56.15,20023.4,6.5,medio
P019,2025-06-24,2025-06,Este,vid,mediana,21.5,14.34,57.85,55.29,15361.4,6.5,medio
P025,2025-06-23,2025-06,Este,maiz,mediana,51.61,17.78,64.04,53.63,17162.8,6.5,bajo
P029,2025-06-24,2025-06,Centro,maiz,grande,68.36,13.04,55.46,69.64,18225.6,6.5,bajo
P030,2025-06-22,2025-06,Norte,maiz,grande,58.74,15.99,60.78,59.14,14663.9,6.5,bajo
P035,2025-06-19,2025-06,Norte,olivo,pequeña,70.0,20.43,68.82,53.84,17134.2,6.5,bajo
P007,2025-06-27,2025-06,Centro,olivo,mediana,70.0,16.07,60.97,,16969.5,6.5,bajo
P014,2025-06-03,2025-06,Este,vid,pequeña,30.42,22.26,72.08,56.73,25229.7,6.5,medio
P027,2025-06-15,2025-06,Norte,maiz,pequeña,43.05,21.86,71.54,54.51,19742.6,6.5,bajo
P030,2025-06-01,2025-06,Norte,maiz,grande,40.41,20.4,68.69,54.15,23363.5,6.5,bajo
P014,2025-06-08,2025-06,Este,vid,pequeña,28.2,27.5,81.56,60.75,22909.3,6.5,medio
P026,2025-06-17,2025-06,Centro,maiz,mediana,55.38,21.75,71.09,57.3,16678.3,6.5,bajo
P037,2025-06-20,2025-06,Oeste,vid,pequeña,36.74,19.55,67.12,64.54,14392.4,6.5,medio
P035,2025-06-09,2025-06,Norte,olivo,pequeña,68.81,28.21,82.66,51.29,23609.0,6.5,bajo
P022,2025-06-13,2025-06,Centro,maiz,pequeña,55.98,23.8,74.64,48.18,19028.6,6.5,bajo
P021,2025-06-13,2025-06,Sur,maiz,mediana,,25.43,77.71,57.65,21676.1,6.5,bajo
P033,2025-06-01,2025-06,Sur,trigo,grande,39.23,20.01,67.94,57.2,22596.0,6.5,medio
P025,2025-06-06,2025-06,Este,maiz,mediana,36.48,27.3,81.08,54.14,25917.9,6.5,medio
P023,2025-06-24,2025-06,Este,maiz,mediana,69.51,17.52,63.68,57.88,17219.8,6.5,bajo
P004,2025-06-09,2025-06,Centro,olivo,mediana,42.2,27.32,81.16,50.16,25095.4,6.5,bajo
P027,2025-06-25,2025-06,Norte,maiz,pequeña,46.51,16.62,62.03,68.06,16195.9,6.5,bajo
P014,2025-06-17,2025-06,Este,vid,pequeña,17.93,20.06,68.01,59.79,16724.7,6.5,alto
P017,2025-06-23,2025-06,Sur,maiz,mediana,68.7,14.11,57.36,49.15,15941.5,6.5,bajo
P036,2025-06-22,2025-06,Este,vid,grande,32.26,15.7,60.29,54.78,15607.1,6.5,medio
P036,2025-06-07,2025-06,Este,vid,grande,45.81,28.56,83.43,43.71,24659.8,6.5,bajo
P031,2025-06-30,2025-06,Sur,olivo,mediana,64.5,20.85,69.31,56.25,19137.8,6.5,bajo
P026,2025-06-30,2025-06,Centro,maiz,mediana,52.64,19.11,66.48,54.0,19773.3,6.5,bajo
P007,2025-06-21,2025-06,Centro,olivo,mediana,38.78,13.37,56.05,65.34,17404.8,6.5,medio
P005,2025-06-15,2025-06,Sur,olivo,pequeña,5.69,24.4,75.94,,16989.3,6.5,alto
P036,2025-06-02,2025-06,Este,vid,grande,21.4,22.4,72.48,60.63,23077.5,6.5,medio
P002,2025-06-11,2025-06,Sur,trigo,pequeña,37.59,27.78,82.03,44.86,23660.8,6.5,medio
P034,2025-06-28,2025-06,Centro,trigo,mediana,67.64,19.26,66.72,,19744.3,6.5,bajo
P008,2025-06-21,2025-06,Sur,trigo,mediana,56.71,15.44,59.75,58.86,14009.3,6.5,bajo
P013,2025-06-19,2025-06,Este,olivo,grande,37.93,17.94,64.23,51.68,14730.3,6.5,medio
P010,2025-06-19,2025-06,Norte,vid,grande,12.91,18.99,66.14,52.86,18555.5,6.5,alto
P014,2025-06-29,2025-06,Este,vid,pequeña,57.36,18.67,65.61,51.49,22991.3,6.5,bajo
P014,2025-06-02,2025-06,Este,vid,pequeña,30.94,25.08,77.02,51.2,24262.4,6.5,medio
P020,2025-06-23,2025-06,Norte,vid,pequeña,46.21,15.7,60.06,53.74,18223.6,6.5,bajo
P037,2025-06-07,2025-06,Oeste,vid,pequeña,23.4,25.68,78.42,53.62,21647.9,6.5,medio
P022,2025-06-18,2025-06,Centro,maiz,pequeña,47.79,21.12,70.07,65.42,18991.3,6.5,bajo
P018,2025-06-11,2025-06,Sur,maiz,pequeña,46.43,27.69,81.86,50.62,23578.6,6.5,bajo
P003,2025-06-05,2025-06,Este,olivo,pequeña,,25.31,77.62,45.42,24880.2,6.5,medio
P001,2025-06-15,2025-06,Norte,vid,pequeña,47.29,19.87,67.64,52.7,20853.9,6.5,bajo
P036,2025-06-15,2025-06,Este,vid,grande,34.7,22.24,72.22,47.94,18511.9,6.5,medio
P017,2025-06-13,2025-06,Sur,maiz,mediana,45.58,24.55,76.25,55.67,21248.9,6.5,bajo
P013,2025-06-20,2025-06,Este,olivo,grande,38.87,19.11,66.44,59.55,17121.3,6.5,medio
P007,2025-06-08,2025-06,Centro,olivo,mediana,18.78,30.54,87.0,43.74,25573.7,6.5,alto
P026,2025-06-14,2025-06,Centro,maiz,mediana,37.72,24.97,76.8,54.43,19302.6,6.5,medio
P008,2025-06-07,2025-06,Sur,trigo,mediana,33.83,27.04,80.73,41.33,25621.2,6.5,medio
P027,2025-06-12,2025-06,Norte,maiz,pequeña,47.19,26.02,78.7,49.81,20730.4,6.5,bajo
P036,2025-06-27,2025-06,Este,vid,grande,32.1,19.49,67.31,51.05,17421.9,6.5,medio
P030,2025-06-09,2025-06,Norte,maiz,grande,48.68,26.34,79.39,39.44,24843.9,6.5,bajo
P012,2025-06-08,2025-06,Norte,olivo,mediana,68.66,29.89,85.85,42.34,23552.7,6.5,bajo
P024,2025-06-30,2025-06,Este,maiz,mediana,68.6,20.35,68.76,52.4,19499.4,6.5,bajo
P010,2025-06-26,2025-06,Norte,vid,grande,26.2,18.63,65.46,61.1,15979.5,6.5,medio
P034,2025-06-27,2025-06,Centro,trigo,mediana,67.97,16.5,61.52,60.5,17539.7,6.5,bajo
P016,2025-06-06,2025-06,Oeste,maiz,pequeña,38.15,24.49,76.07,55.03,22654.4,6.5,medio
P028,2025-06-06,2025-06,Centro,olivo,pequeña,42.56,28.17,82.79,42.63,23865.4,6.5,bajo
P009,2025-06-30,2025-06,Este,trigo,pequeña,68.75,19.76,67.55,50.67,20542.5,6.5,bajo
P034,2025-06-06,2025-06,Centro,trigo,mediana,32.23,27.65,,52.43,22059.7,6.5,alto
P007,2025-06-22,2025-06,Centro,olivo,mediana,40.91,17.91,64.27,66.57,15082.1,6.5,bajo
P006,2025-06-12,2025-06,Norte,vid,grande,22.3,25.49,77.93,49.83,,6.5,medio
P025,2025-06-10,2025-06,Este,maiz,mediana,50.08,25.46,77.81,45.42,21008.0,6.5,bajo
P014,2025-06-12,2025-06,Este,vid,pequeña,21.12,23.28,73.95,45.72,20415.9,6.5,medio
P024,2025-06-13,2025-06,Este,maiz,mediana,64.97,25.2,77.35,50.89,19192.9,6.5,bajo
P038,2025-06-20,2025-06,Sur,maiz,pequeña,23.39,14.75,58.53,62.58,17261.4,6.5,medio
P019,2025-06-26,2025-06,Este,vid,mediana,22.78,15.34,59.54,63.13,17237.6,6.5,medio
P035,2025-06-02,2025-06,Norte,olivo,pequeña,50.67,22.97,73.27,50.39,23222.0,6.5,bajo
P035,2025-06-06,2025-06,Norte,olivo,pequeña,61.02,29.16,84.49,53.85,24181.3,6.5,bajo
P037,2025-06-25,2025-06,Oeste,vid,pequeña,40.66,16.1,60.94,62.65,,6.5,bajo
P007,2025-06-26,2025-06,Centro,olivo,mediana,58.14,16.48,61.68,60.33,15884.9,6.5,bajo
P002,2025-06-05,2025-06,Sur,trigo,pequeña,36.54,26.6,79.85,54.92,25304.0,6.5,medio
P026,2025-06-26,2025-06,Centro,maiz,mediana,57.57,16.83,62.37,59.38,19920.2,6.5,bajo
P017,2025-06-29,2025-06,Sur,maiz,mediana,70.0,19.8,67.71,61.21,21645.9,6.5,bajo
P040,2025-06-14,2025-06,Este,vid,mediana,44.65,25.49,77.77,50.13,17364.9,6.5,bajo
P004,2025-06-02,2025-06,Centro,olivo,mediana,32.05,21.37,70.58,68.32,,6.5,medio
P030,2025-06-28,2025-06,Norte,maiz,grande,-2.54,16.98,62.45,55.13,17200.2,6.5,bajo
P019,2025-06-25,2025-06,Este,vid,mediana,23.57,14.3,57.72,,15994.0,6.5,medio
P026,2025-06-27,2025-06,Centro,maiz,mediana,129.0,15.41,59.75,56.11,17709.5,6.5,bajo
P009,2025-06-02,2025-06,Este,trigo,pequeña,54.63,25.7,78.25,58.67,21475.0,6.5,bajo
P001,2025-06-14,2025-06,Norte,vid,pequeña,47.12,26.27,79.39,48.82,20163.0,6.5,bajo
P011,2025-06-16,2025-06,Este,olivo,grande,43.04,23.74,74.81,61.65,20436.1,6.5,bajo
P021,2025-06-01,2025-06,Sur,maiz,mediana,43.77,22.16,71.85,54.51,21455.7,6.5,bajo
P013,2025-06-28,2025-06,Este,olivo,grande,63.3,18.91,66.06,59.67,18827.7,6.5,bajo
P006,2025-06-17,2025-06,Norte,vid,grande,20.01,17.48,63.52,58.13,16415.0,6.5,medio
P029,2025-06-01,2025-06,Centro,maiz,grande,42.73,22.85,73.29,62.66,20374.3,6.5,bajo
P001,2025-06-21,2025-06,Norte,vid,pequeña,67.96,16.23,61.25,50.89,15889.0,6.5,bajo
P022,2025-06-17,2025-06,Centro,maiz,pequeña,48.3,19.67,67.44,60.03,18189.2,6.5,bajo
P039,2025-06-15,2025-06,Oeste,maiz,pequeña,32.99,21.36,70.44,57.3,19376.1,6.5,medio
P028,2025-06-22,2025-06,Centro,olivo,pequeña,66.41,14.88,58.73,62.01,18533.4,6.5,bajo
P019,2025-06-23,2025-06,Este,vid,mediana,9.99,,60.36,63.01,15961.5,6.5,alto
P040,2025-06-01,2025-06,Este,vid,mediana,34.54,20.29,68.63,55.04,23588.7,6.5,medio
P023,2025-06-27,2025-06,Este,maiz,mediana,69.64,16.06,60.89,54.92,,6.5,bajo
P032,2025-06-28,2025-06,Oeste,trigo,pequeña,56.21,17.22,63.02,57.57,17256.3,6.5,bajo
P007,2025-06-10,2025-06,Centro,olivo,mediana,14.51,23.9,74.88,56.11,22268.6,6.5,alto
P033,2025-06-16,2025-06,Sur,trigo,grande,67.96,22.55,,56.41,15236.1,6.5,bajo
P024,2025-06-10,2025-06,Este,maiz,mediana,60.33,26.11,78.95,,24006.6,6.5,bajo
P018,2025-06-01,2025-06,Sur,maiz,pequeña,43.66,22.69,72.97,59.2,20612.9,6.5,bajo
P037,2025-06-03,2025-06,Oeste,vid,pequeña,32.76,23.82,74.79,53.51,25273.4,6.5,medio
P016,2025-06-25,2025-06,Oeste,maiz,pequeña,44.72,16.23,61.02,65.97,20005.3,6.5,bajo
P029,2025-06-17,2025-06,Centro,maiz,grande,66.72,18.88,65.85,60.14,16438.0,6.5,bajo
P025,2025-06-28,2025-06,Este,maiz,mediana,53.76,18.23,64.85,49.63,18633.6,6.5,bajo
P009,2025-06-13,2025-06,Este,trigo,pequeña,42.62,25.18,77.45,49.53,19025.4,6.5,bajo
P001,2025-06-22,2025-06,Norte,vid,pequeña,67.05,14.95,59.0,65.53,16707.0,6.5,bajo
P016,2025-06-10,2025-06,Oeste,maiz,pequeña,30.39,27.27,81.14,53.95,23081.2,6.5,medio
P010,2025-06-07,2025-06,Norte,vid,grande,22.74,27.15,80.81,,27142.8,6.5,medio
P032,2025-06-26,2025-06,Oeste,trigo,pequeña,41.79,16.28,61.31,53.12,17987.3,6.5,bajo
P013,2025-06-26,2025-06,Este,olivo,grande,44.38,15.69,60.26,56.01,20435.1,6.5,bajo
P027,2025-06-26,2025-06,Norte,maiz,pequeña,46.93,16.17,60.99,71.16,16367.3,6.5,bajo
P012,2025-06-14,2025-06,Norte,olivo,mediana,70.0,22.54,72.59,57.63,19153.7,6.5,bajo
P026,2025-06-20,2025-06,Centro,maiz,mediana,58.1,16.06,60.81,55.96,14675.7,6.5,bajo
P005,2025-06-11,2025-06,Sur,olivo,pequeña,11.89,26.48,,50.35,21054.1,6.5,alto
P030,2025-06-02,2025-06,Norte,maiz,grande,38.33,21.65,70.78,61.49,23545.3,6.5,medio
P038,2025-06-14,2025-06,Sur,maiz,pequeña,24.62,28.21,82.74,58.22,19210.1,6.5,medio
P003,2025-06-28,2025-06,Este,olivo,pequeña,18.47,18.0,64.44,54.52,19575.9,6.5,alto
P012,2025-06-01,2025-06,Norte,olivo,mediana,42.7,20.95,69.66,53.36,22563.4,6.5,bajo
P016,2025-06-17,2025-06,Oeste,maiz,pequeña,44.77,22.44,72.5,42.18,17720.2,6.5,bajo
P005,2025-06-02,2025-06,Sur,olivo,pequeña,22.86,22.75,72.75,49.5,21258.3,6.5,medio
P035,2025-06-25,2025-06,Norte,olivo,pequeña,70.0,15.95,60.75,56.07,15811.8,6.5,bajo
P037,2025-06-16,2025-06,Oeste,vid,pequeña,37.8,21.49,70.71,53.09,18897.7,6.5,medio
P038,2025-06-21,2025-06,Sur,maiz,pequeña,22.53,16.54,61.79,61.57,18802.2,6.5,medio
P029,2025-06-21,2025-06,Centro,maiz,grande,67.5,18.14,64.63,58.77,16750.3,6.5,bajo
P038,2025-06-17,2025-06,Sur,maiz,pequeña,21.82,19.75,67.58,54.24,15865.3,6.5,medio
